query_id,document_id,split,analysis_set,question,evidence_set_count,evidence_paragraph_count,evidence_section_count,evidence_section_headings,query_type,coding_notes
3611a72f754de1e256fbd25b012197e1c24e8470,1610.09225,validation,cross_model_core,Do they remove seasonality from the time series?,1,1,1,Data Pre-Processing,factual,
4c07c33dfaf4f3e6db55e377da6fa69825d0ba15,1610.09225,validation,cross_model_core,What is the dimension of the embeddings?,1,1,1,Feature Extraction,factual,
b1ce129678e37070e69f01332f1a8587e18e06b0,1610.09225,validation,cross_model_core,What dataset is used to train the model?,1,1,1,Data Collection,factual,
0d755ff58a7e22eb4d02fca45d4a7a3920f4e725,1702.06777,train,cross_model_core,Do the authors mention any possible confounds in their study?,1,1,1,Global distance,section_specific,
ff2bcf2d8ffee586751ce91cf15176301267b779,1702.06777,train,cross_model_core,What are the characteristics of the city dialect?,1,1,1,Global distance,factual,
55588ae77496e7753bff18763a21ca07d9f93240,1702.06777,train,cross_model_core,What are the characteristics of the rural dialect?,1,1,1,Global distance,factual,
d4456e9029fcdcb6e0149dd8f57b77d16ead1bc4,1703.10152,test,cross_model_core,What metric is considered?,1,1,1,Classification and evaluation,factual,
d0b967bfca2039c7fb05b931c8b9955f99a468dc,1703.10152,test,cross_model_core,What hand-crafted features are used?,2,2,1,Introduction,factual,
31e6062ba45d8956791e1b86bad7efcb6d1b191a,1703.10152,test,cross_model_core,What word embeddings are used?,3,5,2,Models | Training strategy,factual,
38b29b0dcb87868680f9934af71ef245ebb122e4,1703.10152,test,cross_model_core,Do they annotate their own dataset?,2,3,2,Test Dataset | Training Dataset,factual,
6e134d51a795c385d72f38f36bca4259522bcf51,1703.10152,test,cross_model_core,How are the sentence embeddings generated?,3,4,1,Models,section_specific,
0778cbbd093f8b779f7cf26302b2a8e081ccfb40,1703.10152,test,cross_model_core,What is argumentative zoning?,1,1,1,Introduction,factual,
8908d1b865137bc309dde10a93735ec76037e5f9,1705.02023,test,cross_model_core,what were the evaluation metrics?,1,1,1,Experiments and Results,factual,
d207f78beb6cd754268881bf575c8f98000667ea,1705.02023,test,cross_model_core,how many sentiment labels do they explore?,1,1,1,Experiments and Results,factual,
380e71848d4b0d1e983d504b1249119612f00bcb,1706.00188,test,cross_model_core,What deep learning methods do they look at?,2,2,2,Introduction | Proposed Approach,factual,
21c89ee0281f093b209533453196306b9699b552,1706.00188,test,cross_model_core,What is their baseline?,2,2,2,Introduction | Proposed Approach,factual,
5096aaea2d0f4bea4c12e14f4f7735e1aea1bfa6,1706.00188,test,cross_model_core,Which architectures do they experiment with?,2,2,2,Introduction | Proposed Approach,factual,
452e2d7d7d9e1bb4914903479cd7caff9f6fae42,1706.00188,test,cross_model_core,Are pretrained embeddings used?,1,1,1,Dataset and Experimental Settings,factual,
7b4992e2d26577246a16ac0d1efc995ab4695d24,1707.05236,validation,cross_model_core,What was the baseline used?,1,1,1,Evaluation,factual,
ab9b0bde6113ffef8eb1c39919d21e5913a05081,1707.05236,validation,cross_model_core,What are their results on both datasets?,1,2,1,Evaluation,multi_hop,
9a9d225f9ac35ed35ea02f554f6056af3b42471d,1707.05236,validation,cross_model_core,What textual patterns are extracted?,2,5,1,Pattern Extraction,factual,
ea56148a8356a1918bedcf0a99ae667c27792cfe,1707.05236,validation,cross_model_core,Which annotated corpus did they use?,2,2,1,Evaluation,factual,
cd32a38e0f33b137ab590e1677e8fb073724df7f,1707.05236,validation,cross_model_core,Which languages are explored in this paper?,1,1,1,Evaluation,factual,
82b93ecd2397e417e1e80f93b7cf49c7bd9aeec3,1708.03699,test,cross_model_core,How much gain in performance was obtained with user embeddings?,1,1,1,Results and Discussion,factual,
bab4ae97afd598a11d1fc7c05c6fdb98c30cafe0,1711.03759,test,cross_model_core,how many sentences did they annotate?,1,1,1,Experiments,factual,
f5913e37039b9517a323ec700b712e898316161b,1711.03759,test,cross_model_core,what dataset was used in their experiment?,1,1,1,Experiments,factual,
a064d01d45a33814947161ff208abb88d4353b26,1711.03759,test,cross_model_core,what are the existing annotation tools?,1,1,1,Introduction,factual,
218bc82796eb8d91611996979a4a42500131a936,1712.05608,validation,cross_model_core,Which models/frameworks do they compare to?,2,4,3,Classifier training | Experiments | Introduction,factual,
b21bc09193699dc9cfad523f3d5542b0b2ff1b8e,1712.05608,validation,cross_model_core,Which classification algorithm do they use for s2sL?,2,3,3,Classifier training | Introduction | Proposed approach,factual,
352bc6de5c5068c6c19062bad1b8f644919b1145,1712.05608,validation,cross_model_core,Up to how many samples do they experiment with?,2,3,1,Experiments,factual,
a7adb63db5066d39fdf2882d8a7ffefbb6b622f0,1802.05322,train,cross_model_core,what was the baseline?,1,1,1,Model,factual,
980568848cc8e7c43f767da616cf1e176f406b05,1802.05322,train,cross_model_core,how many movie genres do they explore?,1,1,1,Data,factual,
f1b738a7f118438663f9d77b4ccd3a2c4fd97c01,1802.05322,train,cross_model_core,what evaluation metrics are discussed?,1,2,1,Evaluation,factual,
d6a815d24c46557827d8aca65d3ffd008ac1bc07,1803.02914,test,cross_model_core,Which movie subtitles dataset did they use?,2,2,1,Training Datasets for the QA system,factual,
cdf7e60150a166d41baed9dad539e3b93b544624,1806.03191,train,cross_model_core,Which distributional methods did they consider?,1,4,1,Distributional Hypernym Detection,factual,
c06b5623c35b6fa7938340fa340269dc81d061e1,1806.03191,train,cross_model_core,Which benchmark datasets are used?,1,3,1,Tasks,factual,
d325a3c21660dbc481b4e839ff1a2d37dcc7ca46,1806.03191,train,cross_model_core,What hypernymy tasks do they study?,1,3,1,Tasks,factual,
5e29f16d7302f24ab93b7707d115f4265a0d14b0,1808.10290,test,cross_model_core,How much additional data do they manage to generate from translations?,1,1,1,Results,factual,
26844cec57df6ff0f02245ea862af316b89edffe,1808.10290,test,cross_model_core,Do they train discourse relation models with augmented data?,2,2,2,Implicit discourse relation classification | Results,factual,
d1d59bca40b8b308c0a35fed1b4b7826c85bc9f8,1808.10290,test,cross_model_core,How many languages do they at most attempt to use to generate discourse relation labelled data?,1,2,2,Data | Introduction,factual,
a4ff1b91643e0c8a0d4cc1502d25ca85995cf428,1809.02494,train,cross_model_core,Which two datasets does the resource come from?,1,3,1,The resource and its interest,factual,
7633be56ae46c163fb21cd1afd018f989eb6b524,1809.08298,train,cross_model_core,Which machine learning models do they use to correct run-on sentences?,1,1,1,Introduction,factual,
fb56743e942883d7e74a73c70bd11016acddc348,1810.03459,train,cross_model_core,What data do they train the language models on?,1,1,1,Data details and experimental setup,factual,
1adbdb5f08d67d8b05328ccc86d297ac01bf076c,1810.03459,train,cross_model_core,What languages do they use?,1,1,1,Data details and experimental setup,factual,
da82b6dad2edd4911db1dc59e4ccd7f66c5fd79c,1810.03459,train,cross_model_core,What architectures are explored to improve the seq2seq model?,1,2,2,Multilingual RNNLM | Stage 0 - Naive approach,factual,
70c2dc170a73185c9d1a16953f85aca834ead6d3,1811.00854,train,cross_model_core,Which evaluation metric has been measured?,1,1,1,Experimental Results,factual,
38854255dbdf2f36eebefc0d9826aa76df9637c6,1811.00854,train,cross_model_core,What is the WordNet counterpart for Persian?,1,1,1,Previous Works,factual,
1d6c42e3f545d55daa86bea6fabf0b1c52a93bbb,1812.10860,train,cross_model_core,Do some pretraining objectives perform better than others for sentence level understanding tasks?,1,1,1,Results,factual,
0871827cfeceed4ee78ce7407aaf6e85dd1f9c25,1901.09381,test,cross_model_core,Do they evaluate their model on datasets other than RACE?,1,1,1,Experiment,factual,
e9d9bb87a5c4faa965ceddd98d8b80d4b99e339e,1903.09588,train,cross_model_core,How much do they outperform previous state-of-the-art?,1,1,1,Exp-II: ABSA,factual,
3554ac92d4f2d00dbf58f7b4ff2b36a852854e95,1903.09588,train,cross_model_core,How do they generate the auxiliary sentence?,1,7,1,Construction of the auxiliary sentence,section_specific,
ab0fd94dfc291cf3e54e9b7a7f78b852ddc1a797,1903.09722,validation,cross_model_core,What is the previous state-of-the-art in summarization?,1,1,1,Abstractive summarization,factual,
6ca938324dc7e1742a840d0a54dc13cc207394a1,1903.09722,validation,cross_model_core,What dataset do they use?,2,4,1,Datasets,factual,
4fa6fbb9df1a4c32583d4ef70d2b29ece4b3d802,1903.09722,validation,cross_model_core,What other models do they compare to?,1,1,1,Abstractive summarization,factual,
4d47bef19afd70c10bbceafd1846516546641a2f,1903.09722,validation,cross_model_core,What language model architectures are used?,1,1,1,Language model pre-training,factual,
16fa6896cf4597154363a6c9a98deb49fffef15f,1904.07342,train,cross_model_core,Do they report results only on English data?,1,1,1,Data,factual,
0f60864503ecfd5b048258e21d548ab5e5e81772,1904.07342,train,cross_model_core,Do the authors mention any confounds to their study?,1,1,1,Results & Discussion,section_specific,
fe578842021ccfc295209a28cf2275ca18f8d155,1904.07342,train,cross_model_core,Which machine learning models are used?,1,1,1,Labeling Methodology,factual,
00ef9cc1d1d60f875969094bb246be529373cb1d,1904.07342,train,cross_model_core,What methodology is used to compensate for limited labelled data?,1,1,1,Data,section_specific,
279b633b90fa2fd69e84726090fadb42ebdf4c02,1904.07342,train,cross_model_core,Which five natural disasters were examined?,1,1,1,Data,factual,
4266aacb575b4be7dbcdb8616766324f8790763c,1904.11942,train,cross_model_core,What conclusions do the authors draw from their detailed analyses?,1,1,1,Conclusion,synthesis,Broad conclusion drawn from the paper's detailed analyses.
191107cd112f7ee6d19c1dc43177e6899452a2c7,1904.11942,train,cross_model_core,Do the BERT-based embeddings improve results?,1,1,1,Result and Analysis,factual,
b0dca7b74934f51ff3da0c074ad659c25d84174d,1904.11942,train,cross_model_core,What were the traditional linguistic feature-based models?,1,1,1,Feature-based Models,factual,
601e58a3d2c03a0b4cd627c81c6228a714e43903,1904.11942,train,cross_model_core,What type of baseline are established for the two datasets?,1,1,1,Feature-based Models,factual,
1a7d2ade16149630c0028339a816fcafa8192408,1906.01946,train,cross_model_core,how many speeches are in the dataset?,1,1,1,Methodology,factual,
61c9f97ee1ac5a4b8654aa152f05f22e153e7e6e,1906.08286,train,cross_model_core,Which datasets do they use?,1,1,1,Introduction,factual,
6236762b5631d9e395f81e1ebccc4bf3ab9b24ac,1906.08593,validation,cross_model_core,Do they show on which examples how conflict works better than attention?,2,12,1,Qualitative Comparison,multi_hop,
31d695ba855d821d3e5cdb7bea638c7dbb7c87c7,1906.08593,validation,cross_model_core,Which neural architecture do they use as a base for their attention conflict mechanisms?,1,1,1,The model,factual,
bd6cec2ab620e67b3e0e7946fc045230e6906020,1907.02030,train,cross_model_core,How is the accuracy of the system measured?,1,2,1,Choosing an embedding,section_specific,
4b0ba460ae3ba7a813f204abd16cf631b871baca,1907.02030,train,cross_model_core,How is an incoming claim used to retrieve similar factchecked claims?,1,1,1,Related Work,section_specific,
63b0c93f0452d0e1e6355de1d0f3ff0fd67939fb,1907.02030,train,cross_model_core,What existing corpus is used for comparison in these experiments?,1,1,1,Choosing an embedding,factual,
5f2bade0881c719ab026bc2e2962e2ada96cdb25,1907.04433,validation,cross_model_core,Do they experiment with the toolkits?,1,1,1,Performance,factual,
6b6d498546f856ac20958f666fc3fd55811347e2,1907.09369,validation,cross_model_core,What are the hyperparameters of the bi-GRU?,1,1,1,Experiment,factual,
de3b1145cb4111ea2d4e113f816b537d052d9814,1907.09369,validation,cross_model_core,What baseline is used?,2,3,1,Baseline Approaches,factual,
132f752169adf6dc5ade3e4ca773c11044985da4,1907.09369,validation,cross_model_core,What data is used in experiments?,2,4,2,Baseline Approaches | Data and preparation,factual,
1d9aeeaa6efa1367c22be0718f5a5635a73844bd,1907.09369,validation,cross_model_core,"What meaningful information does the GRU model capture, which traditional ML models do not?",1,1,1,Model,multi_hop,Requires contrasting information captured by the GRU with traditional models.
ab895ed198374f598e13d6d61df88142019d13b8,1908.05803,test,cross_model_core,What is the strong baseline model used?,1,1,1,Dataset Construction,factual,
8795bb1f874e5f3337710d8c3d5be49e672ab43a,1908.05803,test,cross_model_core,What crowdsourcing platform did they obtain the data from?,1,1,1,Dataset Construction,factual,
15aeda407ae3912419fd89211cdb98989d9cde58,1908.08788,test,cross_model_core,What pretrained language representations are used?,2,3,3,Ablation Study | Language Representation Pretraining | Training Procedure,factual,
c24f7c030010ad11e71ef4912fd79093503f3a8d,1908.08788,test,cross_model_core,What tasks are explored?,1,1,1,Datasets and Evaluation,factual,
d1909ce77d09983aa1b3ab5c56e2458caefbd442,1909.02265,train,cross_model_core,What were the evaluation metrics used?,1,1,1,Experiments,factual,
fc3f0eb297b2308b99eb4661a510c9cdbb6ffba2,1909.02265,train,cross_model_core,What is the size of the dataset?,1,1,1,Experiments,factual,
27c1c678d3862c7676320ca493537b03a9f0c77a,1909.02265,train,cross_model_core,What multi-domain dataset is used?,1,1,1,Experiments,factual,
ccb3d21885250bdbfc4c320e99f25923896e70fa,1909.02265,train,cross_model_core,Which domains did they explored?,1,1,1,Experiments,factual,
82a28c1ed7988513d5984f6dcacecb7e90f64792,1909.06434,train,cross_model_core,How big are negative effects of proposed techniques on high-resource tasks?,1,1,1,Conclusion,factual,
d4a6f5034345036dbc2d4e634a8504f79d42ca69,1909.06434,train,cross_model_core,What datasets are used for experiments?,1,1,1,Experiments,factual,
54fa5196d0e6d5e84955548f4ef51bfd9b707a32,1909.06434,train,cross_model_core,"Are this techniques used in training multilingual models, on what languages?",1,1,1,Experiments,factual,
a997fc1a62442fd80d1873cd29a9092043f025ad,1909.06434,train,cross_model_core,What baselines non-adaptive baselines are used?,1,1,1,Experiments,factual,
7de0b2df60d3161dd581ed7915837d460020bc11,1909.06502,test,cross_model_core,How many tags are included in the ENE tag set?,2,2,2,Dataset Collection and Annotation | Introduction,factual,
2711ae6dd532d136295c95253dbf202e37ecd3e7,1909.06708,test,cross_model_core,How do you know the word alignments are correct?,3,3,2,Approach | Experiments,section_specific,
96356c1affc56178b3099ce4b4aece995032e0ff,1909.06708,test,cross_model_core,How slow is the unparallelizable ART model in the first place?,1,2,2,Experiments | Introduction,factual,
92fc94a4999d1b25a0593904025eb7b8953bb28b,1909.06708,test,cross_model_core,What metric is used to measure translation accuracy?,3,4,2,Experiments,factual,
e56c1f0e9eabda41f929d0dfd5cfa50edd69fa89,1909.06708,test,cross_model_core,Were any datasets other than WMT used to test the model?,1,1,1,Experiments,factual,
5181527e6a61a9a192db5f8064e56ec263c42661,1909.11980,test,cross_model_core,What language(s) does the system answer questions in?,1,1,1,Introduction,factual,
334aa5540c207768931a0fe78aa4981a895ba37c,1909.11980,test,cross_model_core,What metrics are used for evaluation?,2,3,1,Evaluation,factual,
b8bbdc3987bb456739544426c6037c78ede01b77,1909.11980,test,cross_model_core,Is the proposed system compared to existing systems?,2,3,1,Evaluation,factual,
186ccc18c6361904bee0d58196e341a719fb31c2,1910.04006,train,cross_model_core,What features are used?,1,12,3,Feature Extraction,factual,
fd5412e2784acefb50afc3bfae1e087580b90ab9,1910.04006,train,cross_model_core,Do they compare to previous models?,1,1,1,Experiments and Results,factual,
c7f087c78768d5c6f3ff26921858186d627fd4fd,1910.04006,train,cross_model_core,How do they incorporate sentiment analysis?,1,3,2,Feature Extraction,section_specific,
82596190560dc2e2ced2131779730f40a3f3eb8c,1910.04006,train,cross_model_core,What is the dataset used?,1,1,1,Data,factual,
345f65eaff1610deecb02ff785198aa531648e75,1910.04006,train,cross_model_core,How do they extract topics?,1,1,1,Feature Extraction,section_specific,
b72264a73eea36c828e7de778a8b4599a5d02b39,1910.05154,train,cross_model_core,Is the model evaluated against any baseline?,1,1,1,Experiments,factual,
24cc1586e5411a7f8574796d3c576b7c677d6e21,1910.05154,train,cross_model_core,Does the paper report the accuracy of the model?,1,1,1,Experiments,factual,
db291d734524fa51fb314628b64ebe1bac7f7e1e,1910.05154,train,cross_model_core,How is the performance of the model evaluated?,1,3,1,Experiments,section_specific,
85abd60094c92eb16f39f861c6de8c2064807d02,1910.05154,train,cross_model_core,What are the different bilingual models employed?,1,3,3,Experiments | Methodology,factual,
50f09a044f0c0795cc636c3e25a4f7c3231fb08d,1910.05154,train,cross_model_core,How does the well-resourced language impact the quality of the output?,1,1,1,Conclusion,factual,
447eb98e602616c01187960c9c3011c62afd7c27,1911.04952,train,cross_model_core,What are lyrical topics present in the metal genre?,1,1,1,Results,factual,
012b8a89aea27485797373adbcda32f16f9d7b54,1911.07555,validation,cross_model_core,What is the approach of previous work?,1,3,1,Related Works,synthesis,
c598028815066089cc1e131b96d6966d2610467a,1911.07555,validation,cross_model_core,Is the lexicon the same for all languages?,1,1,1,Methodology,factual,
ca4daafdc23f4e23d933ebabe682e1fe0d4b95ed,1911.07555,validation,cross_model_core,How do they obtain the lexicon?,1,1,1,Methodology,section_specific,
0ab3df10f0b7203e859e9b62ffa7d6d79ffbbe50,1911.07555,validation,cross_model_core,What evaluation metric is used?,2,2,1,Results and Analysis,factual,
92dfacbbfa732ecea006e251be415a6f89fb4ec6,1911.07555,validation,cross_model_core,Which languages are similar to each other?,1,1,1,Introduction,factual,
c8541ff10c4e0c8e9eb37d9d7ea408d1914019a9,1911.07555,validation,cross_model_core,Which datasets are employed for South African languages LID?,1,4,1,Related Works,factual,
307e8ab37b67202fe22aedd9a98d9d06aaa169c5,1911.07555,validation,cross_model_core,Does the paper report the performance of a baseline model on South African languages LID?,1,1,1,Results and Analysis,factual,
e5c8e9e54e77960c8c26e8e238168a603fcdfcc6,1911.07555,validation,cross_model_core,Does the algorithm improve on the state-of-the-art methods?,1,1,1,Results and Analysis,factual,
50c441a9cc7345a0fa408d1ce2e13f194c1e82a8,1911.11161,test,cross_model_core,What is the state-of-the-art approach?,2,2,2,Introduction | Results,factual,
79620a2b4b121b6d3edd0f7b1d4a8cc7ada0b516,1911.11951,train,cross_model_core,What are the state-of-the-art models for the task?,1,1,1,Experiments and Analysis,factual,
2cc42d14c8c927939a6b8d06f4fdee0913042416,1912.02761,train,cross_model_core,Do they propose any solution to debias the embeddings?,1,1,1,Summary,factual,
57388bf2693d71eb966d42fa58ab66d7f595e55f,2001.01589,train,cross_model_core,How is morphology knowledge implemented in the method?,1,2,1,Approach,section_specific,
47796c7f0a7de76ccb97ccbd43dc851bb8a613d5,2001.01589,train,cross_model_core,How does the word segmentation method work?,1,2,2,Approach | Experiments,section_specific,
08b57deb237f15061e4029b6718f1393fa26acce,2002.04181,validation,cross_model_core,Who are the crowdworkers?,1,1,1,Dataset and Analysis Methodology,factual,
9b7655d39c7a19a23eb8944568eb5618042b9026,2002.04181,validation,cross_model_core,Which toolkits do they use?,2,2,2,Dataset and Analysis Methodology | NLP Toolkits,factual,
cd06d775f491b4a17c9d616a8729fd45aa2e79bf,2002.04181,validation,cross_model_core,Which sentiment class is the most accurately predicted by ELS systems?,1,1,1,Results and Discussion,factual,
1329280df5ee9e902b2742bde4a97bc3e6573ff3,2002.04181,validation,cross_model_core,Is datasets for sentiment analysis balanced?,1,1,1,Results and Discussion,factual,
58c6737070ef559e9220a8d08adc481fdcd53a24,2002.04181,validation,cross_model_core,What measures are used for evaluation?,1,1,1,Dataset and Analysis Methodology,factual,
23e16c1173b7def2c5cb56053b57047c9971e3bb,2002.11910,validation,cross_model_core,What state-of-the-art deep neural network is used?,2,2,2,Experiments | Introduction,factual,
d78f7f84a76a07b777d4092cb58161528ca3803c,2002.11910,validation,cross_model_core,What boundary assembling method is used?,1,1,1,Model,factual,
9da1e124d28b488b0d94998d32aa2fa8a5ebec51,2002.11910,validation,cross_model_core,What are previous state of the art results?,1,1,1,Experiments,factual,
5cd5864077e4074bed01e3a611b747a2180088a0,2003.08808,train,cross_model_core,How big are datasets used in experiments?,1,1,1,Experimental Results and Discussion,factual,
d664054c8d1f8e84169d4ab790f2754274353685,2003.08808,train,cross_model_core,What previously annotated databases are available?,1,1,1,Experimental Results and Discussion,factual,
f5603271a04452cbdbb07697859bef2a2030d75c,2003.11687,test,cross_model_core,How many domain experts were involved into creation of dataset?,1,1,1,CONCEPT RECOGNITION,factual,
6575ffec1844e6fde5a668bce2afb16b67b65c1f,2003.11687,test,cross_model_core,What metrics are used for evaluation?,1,1,1,CONCEPT RECOGNITION,factual,
77c3416578b52994227bae7f2529600f02183e12,2003.11687,test,cross_model_core,What is the performance of fine tuned model on this dataset?,1,1,1,CONCEPT RECOGNITION,factual,
2abcff4fdedf9b17f76875cc338ba4ab8d1eccd3,2003.11687,test,cross_model_core,Are constructed datasets open sourced?,1,1,1,INTRODUCTION,factual,
6df57a21ca875e63fb39adece6a9ace5bb2b2cfa,2003.11687,test,cross_model_core,How does labeling scheme look like?,2,12,2,CONCEPT RECOGNITION,section_specific,
b39b278aa1cf2f87ad4159725dff77b387f2df84,2003.11687,test,cross_model_core,What pretrained language model is used?,1,1,1,CONCEPT RECOGNITION,factual,
814e945668e2b6f31b088918758b120fb00ada7d,2003.11687,test,cross_model_core,How big is constructed dataset?,1,1,1,CONCEPT RECOGNITION,factual,
ce6201435cc1196ad72b742db92abd709e0f9e8d,2003.12218,train,cross_model_core,Did they experiment with the dataset?,1,2,1,Results,factual,
928828544e38fe26c53d81d1b9c70a9fb1cc3feb,2003.12218,train,cross_model_core,What is the size of this dataset?,2,2,2,CORD-19-NER Dataset | Introduction,factual,
80bb07e553449bde9ac0ff35fcc718d7c161f2d4,2003.12660,test,cross_model_core,How long is their dataset?,1,1,1,Methodology,factual,
c8f8ecac23a991bceb8387e68b3b3f2a5d8cf029,2003.12660,test,cross_model_core,What metrics are used?,1,1,1,Methodology,factual,
28847b20ca63dc56f2545e6f6ec3082d9dbe1b3f,2003.12660,test,cross_model_core,What is the best performing system?,1,2,1,Results,factual,
2d5d0b0c54105717bf48559b914fefd0c94964a6,2003.12660,test,cross_model_core,What tokenization methods are used?,2,2,2,Introduction | Methodology,factual,
dd81f58c782169886235c48b8f9a08e0954dd3ae,2003.12660,test,cross_model_core,What baselines do they propose?,2,2,2,Appendix | Methodology,factual,
e51d0c2c336f255e342b5f6c3cf2a13231789fed,1602.08741,train,cross_model_core,Which Twitter corpus was used to train the word vectors?,1,4,1,Acquiring data,factual,
38289bd9592db4d3670b65a0fef1fe8a309fee61,1603.08868,test,cross_model_core,what classifiers did they train?,1,1,1,Experimental Setup,factual,
cb7a00233502c4b7801d34bc95d6d22d79776ae8,1603.08868,test,cross_model_core,what dataset did they use?,1,1,1,Datasets,factual,
35d2eae3a7c9bed54196334a09344591f9cbb5c8,1603.08868,test,cross_model_core,what combination of features helped improve the classification?,2,2,2,Conclusion and Future Work | Features,factual,
a70656fc61bf526dd21db7d2ec697b29a5a9c24e,1603.08868,test,cross_model_core,what linguistics features did they apply?,1,1,1,Features,factual,
f381b0ef693243d67657f6c34bbce015f6b1fd07,1603.08868,test,cross_model_core,what is the state of the art in English?,1,1,1,Document-Level Experiments,factual,
2686e8d51caff9a19684e0c9984bcb5a1937d08d,1606.02892,test,cross_model_core,What morphological features are considered?,1,1,1,Morphological Features,factual,
df623717255ea2c9e0f846859d8a9ef51dc1102b,1606.02892,test,cross_model_core,What type of attention do they use in the decoder?,1,1,1,Neural Machine Translation,factual,
a53683d1a0647c80a4398ff8f4a03e11c0929be2,1608.06378,train,cross_model_core,What approach does this work propose for the new task?,1,1,1,Task Definition and Contributions,synthesis,
0fd7d12711dfe0e35467a7ee6525127378a1bacb,1608.06378,train,cross_model_core,What is the new task proposed in this work?,1,2,1,Introduction,factual,
21a96b328b43a568f9ba74cbc6d4689dbc4a3d7b,1611.00514,train,cross_model_core,Do they single out a validation set from the fixed SRE training set?,1,1,1,i-Vector Features,factual,
30803eefd7cdeb721f47c9ca72a5b1d750b8e03b,1611.00514,train,cross_model_core,How well does their system perform on the development set of SRE?,1,1,1,Results and Discussion,factual,
442f8da2c988530e62e4d1d52c6ec913e3ec5bf1,1611.00514,train,cross_model_core,Which are the novel languages on which SRE placed emphasis on?,1,1,1,Training Condition,factual,
01e2d10178347d177519f792f86f25575106ddc7,1703.07476,validation,cross_model_core,What datasets are used to assess the performance of the system?,2,3,2,Multi-label classification | Single-label classification,factual,
021bfb7e180d67112b74f05ecb3fa13acc036c86,1703.07476,validation,cross_model_core,How is the vocabulary of word-like or phoneme-like units automatically discovered?,1,1,1,Unsupervised term discovery (UTD),section_specific,
8c89f1d1b3c2a45c0254c4c8d6e700ab9a4b4ffb,1703.10090,test,cross_model_core,What sources of less sensitive data are available?,2,7,2,Protecting the individual | Sensitivity of data and privacy,synthesis,Broad account of several less-sensitive data sources across sections.
f5bc07df5c61dcb589a848bd36f4ce9c22abd46a,1703.10090,test,cross_model_core,"Other than privacy, what are the other major ethical challenges in clinical data?",2,7,2,Sensitivity of data and privacy | Social impact and biases,synthesis,
76c8aac84152fc4bbc0d5faa7b46e40438353e77,1705.00861,train,cross_model_core,Do they use the same architecture as LSTM-s and GRUs with just replacing with the LAU unit?,1,1,1,Training details,factual,
b42323d60827ecf0d9e478c9a31f90940cfae975,1705.03261,train,cross_model_core,How big is the evaluated dataset?,1,1,1,Preprocessing,factual,
1a69696034f70fb76cd7bb30494b2f5ab97e134d,1705.03261,train,cross_model_core,By how much does their model outperform existing methods?,1,1,1,Experimental Results,factual,
9a596bd3a1b504601d49c2bec92d1592d7635042,1705.03261,train,cross_model_core,What is the performance of their model?,1,1,1,Experimental Results,factual,
1ba28338d3f993674a19d2ee2ec35447e361505b,1705.03261,train,cross_model_core,What are the existing methods mentioned in the paper?,1,2,1,Related Work,synthesis,
2d3bf170c1647c5a95abae50ee3ef3b404230ce4,1707.00110,train,cross_model_core,Which baseline methods are used?,1,2,1,Toy Copying Experiment,factual,
ab9453fa2b927c97b60b06aeda944ac5c1bfef1e,1707.00110,train,cross_model_core,Which datasets are used in experiments?,1,2,2,Machine Translation | Toy Copying Experiment,factual,
f0317e48dafe117829e88e54ed2edab24b86edb1,1707.00995,train,cross_model_core,What misbehavior is identified?,1,1,1,Qualitative results,factual,
f129c97a81d81d32633c94111018880a7ffe16d1,1707.00995,train,cross_model_core,Which attention mechanisms do they compare?,1,1,1,Attention-based Models,factual,
d9354c0bb32ec037ff2aacfed58d57887a713163,1707.07212,test,cross_model_core,What languages are used as input?,2,3,1,Measuring the Veridicality of Users' Predictions,factual,
c035a011b737b0a10deeafc3abe6a282b389d48b,1707.07212,test,cross_model_core,What are the components of the classifier?,2,5,2,Features | Veridicality Classifier,factual,
d3fb0d84d763cb38f400b7de3daaa59ed2a1b0ab,1707.07212,test,cross_model_core,Which uncertain outcomes are forecast using the wisdom of crowds?,1,1,1,Veridicality Classifier,factual,
094ce2f912aa3ced9eb97b171745d38f58f946dd,1708.04120,train,cross_model_core,What is the source of the tables?,1,1,1,The Dataset,factual,
95d8368b1055d97250df38d1e8c4a2b283d2b57e,1708.08615,train,cross_model_core,what standard speech transcription pipeline was used?,1,1,1,Introduction,factual,
3aa43a0d543b88d40e4f3500c7471e263515be40,1709.05563,train,cross_model_core,What elements of natural language processing are proposed to analyze qualitative data?,1,1,1,UNDP Fragments of Impact Initiative,synthesis,
beac555c4aea76c88f19db7cc901fa638765c250,1710.03348,validation,cross_model_core,What useful information does attention capture?,2,3,3,Alignment Quality Impact on Translation | Attention Distribution | Introduction,synthesis,Integrated finding drawn from several attention analyses.
91e326fde8b0a538bc34d419541b5990d8aae14b,1710.03348,validation,cross_model_core,What datasets are used?,2,2,2,Impact of Attention Mechanism | Measuring Attention-Alignment Accuracy,factual,
044f922604b4b3f42ae381419fd5cd5624fa0637,1710.03348,validation,cross_model_core,In what cases is attention different from alignment?,2,2,2,Alignment Quality Impact on Translation | Measuring Attention Concentration,multi_hop,
dd2046f5481f11b7639a230e8ca92904da75feed,1710.07395,train,cross_model_core,How do they combine the models?,1,1,1,Experimental Results,section_specific,
47e6c3e6fcc9be8ca2437f41a4fef58ef4c02579,1710.07395,train,cross_model_core,What is their baseline?,1,1,1,Logistic Regression Models,factual,
569ad21441e99ae782d325d5f5e1ac19e08d5e76,1710.07395,train,cross_model_core,What context do they use?,1,1,1,Logistic Regression Models,factual,
90741b227b25c42e0b81a08c279b94598a25119d,1710.07395,train,cross_model_core,What is their definition of hate speech?,1,1,1,Annotation Guidelines,factual,
1d739bb8e5d887fdfd1f4b6e39c57695c042fa25,1710.07395,train,cross_model_core,What architecture has the neural network?,1,1,1,Neural Network Models,factual,
0ba3ea93eef5660a79ea3c26c6a270eac32dfa4c,1710.07960,validation,cross_model_core,Did they use a crowdsourcing platform for annotations?,1,1,1,Discussion,factual,
5e324846a99a5573cd2e843d1657e87f4eb22fa6,1710.07960,validation,cross_model_core,How do they deal with unknown distribution senses?,2,5,4,Classification | Conclusions | Introduction | Method,section_specific,
3d39e57e90903b776389f1b01ca238a6feb877f3,1801.02243,train,cross_model_core,Do the authors give any examples of major events which draw the public's attention and the impact they have on stock price?,1,1,1,Sentiment Score,factual,
69ef007fc131b04b5b71b0b446db2f77f434f1b3,1801.02243,train,cross_model_core,Which tweets are used to output the daily sentiment signal?,1,3,2,Sentiment Score | Twitter Data Scraping and Preprocessing,section_specific,
20df24165b881f97dc1ac32f343939554dd68011,1801.02243,train,cross_model_core,What is the baseline machine learning prediction approach?,1,1,1,Machine Learning Prediction Model,factual,
282aa4e160abfa7569de7d99b8d45cabee486ba4,1805.00760,train,cross_model_core,How do they determine the opinion summary?,1,1,1,Model Description,section_specific,
ecfb2e75eb9a8eba8f640a039484874fa0d2fceb,1805.00760,train,cross_model_core,Do they explore how useful is the detection history and opinion summary?,1,1,1,Ablation Study,factual,
a6950c22c7919f86b16384facc97f2cf66e5941d,1805.00760,train,cross_model_core,Which dataset(s) do they use to train the model?,1,1,1,Datasets,factual,
54be3541cfff6574dba067f1e581444537a417db,1805.00760,train,cross_model_core,By how much do they outperform state-of-the-art methods?,1,2,1,Main Results,factual,
ac482ab8a5c113db7c1e5f106a5070db66e7ba37,1808.09716,test,cross_model_core,What set of semantic tags did they use?,1,1,1,Semantic Tagging,factual,
c2eb743c9d0baf1781c3c0df9533fab588250af3,1809.02279,validation,cross_model_core,Which models did they experiment with?,1,4,3,Cell-aware Stacked LSTMs | Sentence Encoders | Top-layer Classifiers,factual,
c35806cf68220b2b9bb082b62f493393b9bdff86,1809.02279,validation,cross_model_core,What were their best results on the benchmark datasets?,2,2,2,Natural Language Inference | Paraphrase Identification,multi_hop,
f7d0fa52017a642a9f70091a252857fccca31f12,1809.02279,validation,cross_model_core,What were the baselines?,1,1,1,Model Variations,factual,
01209a3bead7c87bcdc628be2a5a26b41abde9d1,1809.02279,validation,cross_model_core,Which datasets were used?,1,3,3,Natural Language Inference | Paraphrase Identification | Sentiment Classification,factual,
5dfd58f91e7740899c23ebfe04b7176edce9ead2,1809.03391,test,cross_model_core,what is the size of the idn tagged corpus?,2,2,2,Dataset | Related Work,factual,
c09bceea67273c10a0621da1a83b409f53342fd9,1809.03391,test,cross_model_core,what neural network models were explored?,2,2,1,Comparisons,factual,
732bd97ae34541f215c436e2a1b98db1649cba27,1809.03391,test,cross_model_core,what rule based models were evaluated?,1,1,1,Comparisons,factual,
183b385fb59ff1e3f658d4555a08b67c005a8734,1809.03391,test,cross_model_core,what datasets have been used for this task?,2,2,2,Dataset | Introduction,factual,
ae2142ee9e093ce485025168f4bcb3da4602739d,1810.02268,test,cross_model_core,did they collect their own contrastive test set?,3,3,3,Automatic extraction of contrastive examples from corpora | Introduction | Test set with contrastive examples,factual,
ebe1084a06abdabefffc66f029eeb0b69f114fd9,1810.02268,test,cross_model_core,what are the baselines?,3,11,2,Recurrent Models | Transformer Models,factual,
cfdd583d01abaca923f5c466bb20e1d4b8c749ff,1810.02268,test,cross_model_core,what context aware models were experimented?,3,12,4,Context-Aware NMT Models | Introduction | Recurrent Models | Transformer Models,factual,
554d798e4ce58fd30820200c474d7e796dc8ba89,1810.02268,test,cross_model_core,what languages did they experiment on?,2,2,2,Automatic extraction of contrastive examples from corpora | Experiments,factual,
3e6b6820e7843209495b4f9a72177573afaa4bc3,1906.01010,test,cross_model_core,What conclusions do the authors draw about the aspects and mechanisms of personal recovery in bipolar disorder?,2,2,2,Impact and conclusion | Methodology and Resources,synthesis,
3d547a7dda18a2dd5dc89f12d25d7fe782d66450,1906.01010,test,cross_model_core,What computational linguistic methods were used for the analysis?,1,1,1,Data,factual,
4a32adb0d54da90434d5bd1c66cc03a7956d12a0,1906.01010,test,cross_model_core,Was permission sought from the bipolar patients to use this data?,2,2,2,Data | Ethical considerations,factual,
c17ece1dad42d92c78fca2e3d8afa9a20ff19598,1906.01010,test,cross_model_core,How are the individuals with bipolar disorder identified?,2,2,2,Data | Introduction and background,section_specific,
578add9d3dadf86cd0876d42b03bf0114f83d0e7,1907.04072,test,cross_model_core,How did they obtain the tweets?,1,1,1,Data Collection,section_specific,
4d5b74499804ea5bc5520beb88d0f9816f67205a,1907.04072,test,cross_model_core,What baseline do they compare to?,2,4,1,Baseline Methods,factual,
baec99756b80eec7c0234a08bc2855e6770bcaeb,1907.04072,test,cross_model_core,What language is explored in this paper?,1,1,1,Dataset Description,factual,
46d051b8924ad0ef8cfba9c7b5b84707ee72f26a,1907.04072,test,cross_model_core,What blackmarket services do they look at?,1,1,1,Data Collection,factual,
53dfcd5d7d2a81855ec1728f0d8e6e24c5638f1e,1907.06292,validation,cross_model_core,What evaluation metrics do they use?,1,1,1,Task and Evaluation,factual,
869feb7f47606105005efdb6bea1c549824baea0,1907.06292,validation,cross_model_core,What is the size of this dataset?,2,2,2,Data Collection | Introduction,factual,
c497e8701060583d91bb64b9f9202d40047effc4,1907.06292,validation,cross_model_core,How do they determine if tweets have been used by journalists?,1,1,1,Data Collection,section_specific,
0af16b164db20d8569df4ce688d5a62c861ace0b,1908.06264,validation,cross_model_core,what were the baselines?,2,2,2,Experiments,factual,
78a4ec72d76f0a736a4a01369a42b092922203b6,1908.06264,validation,cross_model_core,what datasets were used?,1,1,1,Dataset,factual,
81588e0e207303c2867c896f3911a54a1ef7c874,1908.06264,validation,cross_model_core,What are the sources of the datasets?,1,1,1,Dataset,factual,
dd09db5eb321083dba16c2550676e60682f9a0cd,1908.06264,validation,cross_model_core,What labels does the dataset have?,1,1,1,Dataset,factual,
cfffc94518d64cb3c8789395707e4336676e0345,1909.00542,train,cross_model_core,What approaches without reinforcement learning have been tried?,2,3,2,Classification vs. Regression Experiments | Deep Learning Models,factual,
f60629c01f99de3f68365833ee115b95a3388699,1909.00542,train,cross_model_core,What classification approaches were experimented for this task?,1,2,2,Classification vs. Regression Experiments | Deep Learning Models,factual,
a7cb4f8e29fd2f3d1787df64cd981a6318b65896,1909.00542,train,cross_model_core,Did classification models perform better than previous regression one?,1,1,1,Introduction,factual,
5aa12b4063d6182a71870c98e4e1815ff3dc8a72,1909.03135,validation,cross_model_core,Do the authors mention any downside of lemmatizing input before training ELMo?,1,1,1,Qualitative analysis,section_specific,
22815878083ebd2f9e08bc33a5e733063dac7a0f,1909.03135,validation,cross_model_core,What other examples of morphologically-rich languages do the authors give?,2,3,2,Introduction | Word sense disambiguation test sets,factual,
220d11a03897d85af91ec88a9b502815c7d2b6f3,1909.03135,validation,cross_model_core,Why is lemmatization not necessary in English?,1,1,1,Introduction,factual,
d509081673f5667060400eb325a8050fa5db7cc8,1909.03135,validation,cross_model_core,How big was the corpora they trained ELMo on?,1,1,1,Training ELMo,factual,
91e361e85c6d3884694f3c747d61bfcef171bab0,1909.12079,test,cross_model_core,How do they obtain the entity linking results in their model?,2,3,2,Introduction | Method,section_specific,
6295951fda0cfa2eb4259d544b00bc7dade7c01e,1909.12079,test,cross_model_core,Which model architecture do they use?,2,3,3,Method,factual,
3f717e6eceab0a066af65ddf782c1ebc502c28c0,1909.12079,test,cross_model_core,Which datasets do they evaluate on?,1,1,1,Experiments,factual,
7c561db6847fb0416bca8a6cb5eebf689a4b1438,1910.10762,test,cross_model_core,What sizes were their datasets?,2,2,2,Experimental Setup | Introduction,factual,
13eb64957478ade79a1e81d32e36ee319209c19a,1910.10762,test,cross_model_core,How many layers does their model have?,1,1,1,Experimental Setup,factual,
3cfe464052f0a248b6e22c9351279403dfe34f3c,1910.10762,test,cross_model_core,What is their model's architecture?,2,2,2,Experimental Setup | Methodology,factual,
119c404da6e42d4879eee10edeab4b2851162659,1910.10762,test,cross_model_core,What languages did they use?,3,3,3,Experimental Setup | Introduction,factual,
11d2f0d913d6e5f5695f8febe2b03c6c125b667c,1910.11949,train,cross_model_core,How is performance of this system measured?,1,2,1,Validation,section_specific,
1c85a25ec9d0c4f6622539f48346e23ff666cd5f,1910.11949,train,cross_model_core,How many questions per image on average are available in dataset?,1,1,1,Datasets,factual,
37d829cd42db9ae3d56ab30953a7cf9eda050841,1910.11949,train,cross_model_core,Is machine learning system underneath similar to image caption ML systems?,1,1,1,Related Work,factual,
4b41f399b193d259fd6e24f3c6e95dc5cae926dd,1910.11949,train,cross_model_core,How big dataset is used for training this system?,1,2,2,Datasets,factual,
d0b005cb7ed6d4c307745096b2ed8762612480d2,1911.03842,train,cross_model_core,What baseline is used to compare the experimental results against?,1,1,1,Results,factual,
9d9b11f86a96c6d3dd862453bf240d6e018e75af,1911.03842,train,cross_model_core,How does counterfactual data augmentation aim to tackle bias?,1,1,1,Methodology: Mitigating Bias in Generative Dialogue,section_specific,
415f35adb0ef746883fb9c33aa53b79cc4e723c3,1911.03842,train,cross_model_core,"In the targeted data collection approach, what type of data is targetted?",1,1,1,Methodology: Mitigating Bias in Generative Dialogue,factual,
65e2f97f2fe8eb5c2fa41cb95c02b577e8d6e5ee,1911.06747,train,cross_model_core,How did they measure effectiveness?,1,1,1,Experimental Results,section_specific,
f46a907360d75ad566620e7f6bf7746497b6e4a9,1911.07228,train,cross_model_core,What word embeddings were used?,1,3,1,Data and model,factual,
79d999bdf8a343ce5b2739db3833661a1deab742,1911.07228,train,cross_model_core,What type of errors were produced by the BLSTM-CNN-CRF system?,1,1,1,Error-analysis method,factual,
71d59c36225b5ee80af11d3568bdad7425f17b0c,1911.07228,train,cross_model_core,How much better was the BLSTM-CNN-CRF than the BLSTM-CRF?,1,1,1,Experiment and Results,factual,
2c88b46c7e3a632cfa10b7574276d84ecec7a0af,1911.13066,train,cross_model_core,What is their baseline model?,1,1,1,Proposed Model and Experimentation,factual,
6ff240d985bbe96b9d5042c9b372b4e8f498f264,1911.13066,train,cross_model_core,What is the size of the dataset?,1,1,1,Introduction,factual,
515e10a71d78ccd9c7dc93cd942924a4c85d3a30,1912.00159,train,cross_model_core,How is language modelling evaluated?,1,1,1,Swiss German Language Modeling,section_specific,
9a8b9ea3176d30da2453cac6e9347737c729a538,1912.06262,validation,cross_model_core,what were their performance results?,1,1,1,Experiments,factual,
4477bb513d56e57732fba126944073d414d1f75f,1912.06262,validation,cross_model_core,where did they obtain the annotated clinical notes from?,1,1,1,Experiments,factual,
a4422019d19f9c3d95ce8dc1d529bf3da5edcfb1,1912.06927,train,cross_model_core,Do the tweets come from a specific region?,1,1,1,Dataset,factual,
2419b38624201d678c530eba877c0c016cccd49f,1912.13072,train,cross_model_core,Did they experiment on all the tasks?,1,2,2,Conclusion | Methods,factual,
b99d100d17e2a121c3c8ff789971ce66d1d40a4d,1912.13072,train,cross_model_core,What models did they compare to?,1,1,1,Introduction :::,factual,
578d0b23cb983b445b1a256a34f969b34d332075,1912.13072,train,cross_model_core,What datasets are used in training?,1,6,6,Data and Models,factual,
a56fbe90d5d349336f94ef034ba0d46450525d19,2001.05672,train,cross_model_core,What DCGs are used?,1,1,1,Results,factual,
b1f2db88a6f89d0f048803e38a0a568f5ba38fc5,2001.05672,train,cross_model_core,"What else is tried to be solved other than 12 tenses, model verbs and negative form?",1,1,1,Analysis and Discussion,factual,
df25dd9004a3b367202d7731ee912a8052a35780,2002.02562,train,cross_model_core,Does model uses pretrained Transformer encoders?,1,1,1,Experiments and Results,factual,
5328cc2588b2bf7b91f4e0f342e8cbfc6dc8ac00,2002.02562,train,cross_model_core,What was previous state of the art model?,1,1,1,Experiments and Results,factual,
766e2e35968ef7434b56330aa41957c5d5f8d0ee,2002.02562,train,cross_model_core,How big is LibriSpeech dataset?,1,1,1,Experiments and Results,factual,
7561bd3b8ba7829b3a01ff07f9f3e93a7b8869cc,2002.06851,test,cross_model_core,What extractive models were trained on this dataset?,1,1,1,Experiments and Results,factual,
a3ba21341f0cb79d068d24de33b23c36fa646752,2002.06851,test,cross_model_core,What abstractive models were trained?,1,1,1,Experiments and Results,factual,
96295e1fe8713417d2b4632438a95d23831fbbdc,2002.06851,test,cross_model_core,Do the reviews focus on a specific video game domain?,1,1,1,GameWikiSum,factual,
5bfbc9ca7fd41be9627f6ef587bb7e21c7983be0,2002.06851,test,cross_model_core,What is the size of this dataset?,2,2,2,GameWikiSum | Introduction,factual,
8ec94313ea908b6462e1f5ee809a977a7b6bdf01,2002.08899,train,cross_model_core,Does having constrained neural units imply word meanings are fixed across different context?,1,1,1,Model,factual,
f052444f3b3bf61a3f226645278b780ebd7774db,2002.08899,train,cross_model_core,Do they perform a quantitative analysis of their model displaying knowledge distortions?,1,1,1,Experiments,factual,
0bd992a6a218331aa771d922e3c7bb60b653949a,2002.09637,train,cross_model_core,Is the proposed method compared to previous methods?,1,1,1,Cognate Detection,factual,
184382af8f58031c6e357dbee32c90ec95288cb3,2003.00864,test,cross_model_core,What are state of the art results on OSA and PD corpora used for testing?,2,2,2,Background - Speaker Embeddings | Results,multi_hop,
97abc2e7b39869f660986b91fc68be4ba196805c,2003.00864,test,cross_model_core,How better does x-vectors perform than knowlege-based features in same-language corpora?,2,3,3,Results,multi_hop,
9ec0527bda2c302f4e82949cc0ae7f7769b7bfb8,2003.00864,test,cross_model_core,What is meant by domain missmatch occuring?,1,1,1,Conclusions,factual,
330fe3815f74037a9be93a4c16610c736a2a27b3,2003.00864,test,cross_model_core,How big are OSA and PD corporas used for testing?,1,2,2,Experimental Setup,factual,
230f127e83ac62dd65fccf6b1a4960cf0f7316c7,2004.02401,test,cross_model_core,How are experiments designed to measure impact on performance by different choices?,2,5,2,Experiments | The Proposed Approach,section_specific,
75c221920bee14a6153bd5f4c1179591b2f48d59,2004.02401,test,cross_model_core,What impact on performance is shown for different choices of optimizers and learning rate policies?,2,2,2,Experiments,multi_hop,
16535db1d73a9373ffe9d6eedaa2369cefd91ac4,2004.03354,validation,cross_model_core,What in-domain text did they use?,2,2,2,Experiment 1: Biomedical NER | Introduction,factual,
d353a6bbdc66be9298494d0c853e0d8d752dec4b,2004.04435,train,cross_model_core,How is correctness of automatic derivation proved?,1,1,1,Results,section_specific,
c359ab8ebef6f60c5a38f5244e8c18d85e92761d,1601.06068,train,cross_model_core,How many paraphrases are generated per question?,1,1,1,Implementation Details,factual,
ad362365656b0b218ba324ae60701eb25fe664c1,1601.06068,train,cross_model_core,What latent variables are modeled in the PCFG?,1,1,1,Bi-Layered L-PCFGs,factual,
423bb905e404e88a168e7e807950e24ca166306c,1601.06068,train,cross_model_core,What are the baselines?,1,2,1,Baselines,factual,
f264612db9096caf938bd8ee4085848143b34f81,1605.05166,test,cross_model_core,what elements of each profile did they use?,1,1,1,Introduction,factual,
da0a2195bbf6736119ff32493898d2aadffcbcb8,1605.05166,test,cross_model_core,Does this paper discuss the potential these techniques have for invading user privacy?,2,2,1,Introduction,section_specific,
f5513f9314b9d7b41518f98c6bc6d42b8555258d,1605.05166,test,cross_model_core,How is the gold standard defined?,2,3,1,Data Collection and Datasets,section_specific,
65c7a2b734dab51c4c81f722527424ff33b023f8,1610.06510,test,cross_model_core,Which translation model do they employ?,1,1,1,Training subword level translation model,factual,
11ef46187a5bf15e89d63220fdeaecbeb92d818e,1610.06510,test,cross_model_core,Which datasets do they experiment on?,1,1,1,Datasets,factual,
45aab23790161cbc55f78e16fdf5678a3f5b4b92,1610.06510,test,cross_model_core,Which other units of text do they experiment with (apart from BPE and ortographic syllables)?,1,1,1,Experimental Setup,factual,
bf5e80f1ab4eae2254b4f4d7651969a3cf945fb4,1610.06510,test,cross_model_core,How many steps of BPE do they experiment with?,1,1,1,Choosing number of BPE merges,factual,
b49598b05358117ab1471b8ebd0b042d2f04b2a4,1611.08661,validation,cross_model_core,What neural models are used to encode the text?,2,4,4,Attentive LSTM Encoder | Bag-of-Words Encoder | LSTM Encoder | Neural Text Encoding,factual,
932b39fd6c47c6a880621a62e6a978491d881d60,1611.08661,validation,cross_model_core,What baselines are used for comparison?,1,1,1,Link Prediction,factual,
b36f867fcda5ad62c46d23513369337352aa01d2,1611.08661,validation,cross_model_core,What datasets are used to evaluate this paper?,1,1,1,Datasets,factual,
692c9c5d9ff9cd3e0ce8b5e4fa68dda9bd23dec1,1612.08205,validation,cross_model_core,How many users do they look at?,2,2,2,Dataset | Introduction,factual,
935d6a6187e6a0c9c0da8e53a42697f853f5c248,1612.08205,validation,cross_model_core,What do they mean by a person's industry?,1,1,1,Introduction,factual,
3b77b4defc8a139992bd0b07b5cf718382cb1a5f,1612.08205,validation,cross_model_core,What model did they use for their system?,1,1,1,Leveraging Blog Content,factual,
01a41c0a4a7365cd37d28690735114f2ff5229f2,1612.08205,validation,cross_model_core,What social media platform did they look at?,1,1,1,Dataset,factual,
40f87db3a8d1ac49b888ce3358200f7d52903ce7,1702.06700,train,cross_model_core,Does the new system utilize pre-extracted bounding boxes and/or features?,1,2,1,Model,factual,
36383971a852d1542e720d3ea1f5adeae0dbff18,1702.06700,train,cross_model_core,To which previous papers does this work compare its results?,1,5,1,Compared Models,factual,
73e715e485942859e1db75bfb5f35f1d5eb79d2e,1703.08885,train,cross_model_core,How can a neural model be used for a retrieval if the input is the entire Wikipedia?,1,2,1,Learning Model (R2),section_specific,
b78bb6fe817c2d4bc69236df998f546e94c3ee21,1704.06851,test,cross_model_core,Is the performance improvement (with and without affect attributes) statistically significant?,1,5,1,MTurk Perception Experiments,factual,
1a419468d255d40ae82ed7777618072a48f0091b,1704.06851,test,cross_model_core,How to extract affect attributes from the sentence?,3,3,3,Affect-LM for Emotional Text Generation | Descriptors for Affect Category Information | Introduction,section_specific,
e8f969ffd637b82d04d3be28c51f0f3ca6b3883e,1706.01678,validation,cross_model_core,Which evaluation methods are used?,1,1,1,Procedure to Analyze and Evaluate each step,factual,
46227b4265f1d300a5ed71bf40822829de662bc2,1706.01678,validation,cross_model_core,What dataset is used in this paper?,1,1,1,Datasets,factual,
a6a48de63c1928238b37c2a01c924b852fe752f8,1706.01678,validation,cross_model_core,Which other methods do they compare with?,2,3,2,Baselines | Procedure to Analyze and Evaluate each step,factual,
b65a83a24fc66728451bb063cf6ec50134c8bfb0,1706.01678,validation,cross_model_core,How are sentences selected from the summary graph?,2,2,1,Step 2: Story AMR to Summary AMR,section_specific,
2555ca85ff6b56bd09c3919aa6b277eb7a4d4631,1706.07206,train,cross_model_core,Which datasets are used for evaluation?,1,1,1,Recurrent Model and Data,factual,
52f1a91f546b8a25a5d72325c503ec8f9c72de23,1707.02377,train,cross_model_core,Which language models do they compare against?,1,1,1,Baselines,factual,
bb5697cf352dd608edf119ca9b82a6b7e51c8d21,1707.02377,train,cross_model_core,"Is their approach similar to making an averaged weighted sum of word vectors, where weights reflect word frequencies?",1,1,1,Method,factual,
98785bf06e60fcf0a6fe8921edab6190d0c2cec1,1707.02377,train,cross_model_core,How do they determine which words are informative?,1,1,1,Sentiment analysis,section_specific,
a43c400ae37a8705ff2effb4828f4b0b177a74c4,1708.09157,train,cross_model_core,How are character representations from various languages joint?,1,2,2,Character-Level Neural Transfer | Cross-Lingual Morphological Transfer as Multi-Task Learning,section_specific,
4056ee2fd7a0a0f444275e627bb881134a1c2a10,1708.09157,train,cross_model_core,On which dataset is the experiment conducted?,1,1,1,Datasets,factual,
0747cecb3c72594c5d15ba18490566be1ffdbfad,1710.02772,train,cross_model_core,What other solutions do they compare to?,1,1,1,Overall Results,factual,
0e9c08b635c1ebfd36472550d619095541bb5af1,1710.02772,train,cross_model_core,How does the gatint mechanism combine word and character information?,1,2,1,Input Embedding Layer,section_specific,
7cd22ca9e107d2b13a7cc94252aaa9007976b338,1802.07862,validation,cross_model_core,Do they inspect their model to see if their model learned to associate image parts with words related to entities?,2,2,1,Results: SnapCaptions Dataset,factual,
adbf33c6144b2f5c40d0c6a328a92687a476f371,1802.07862,validation,cross_model_core,Does their NER model learn NER from both text and images?,2,4,2,Baselines | Introduction,factual,
f7a89b9cd2792f23f2cb43d50a01b8218a6fbb24,1802.07862,validation,cross_model_core,Which types of named entities do they recognize?,1,1,1,SnapCaptions Dataset,factual,
a0543b4afda15ea47c1e623c7f00d4aaca045be0,1802.07862,validation,cross_model_core,Can named entities in SnapCaptions be discontigious?,1,1,1,Baselines,factual,
1591068b747c94f45b948e12edafe74b5e721047,1802.07862,validation,cross_model_core,How large is their MNER SnapCaptions dataset?,1,1,1,SnapCaptions Dataset,factual,
f17ca24b135f9fe6bb25dc5084b13e1637ec7744,1804.05918,validation,cross_model_core,What discourse relations does it work best/worst for?,2,5,3,Dataset and Preprocessing | Ensemble Model | Experimental Results,multi_hop,
bd5bd1765362c2d972a762ca12675108754aa437,1804.05918,validation,cross_model_core,How much does this model improve state-of-the-art?,2,3,2,Ensemble Model | Experimental Results,factual,
cc354c952b5aaed2d4d1e932175e008ff2d801dd,1805.04508,validation,cross_model_core,Which race and gender are given higher sentiment intensity predictions?,1,2,2,Gender Bias Results | Race Bias Results,multi_hop,
0f12dc077fe8e5b95ca9163cea1dd17195c96929,1805.04508,validation,cross_model_core,"What criteria are used to select the 8,640 English sentences?",2,2,1,The Equity Evaluation Corpus,factual,
5499440674f0e4a9d6912b9ac29fa1f7b7cd5253,1811.01183,test,cross_model_core,Do they compare to previous work?,2,2,2,Evaluation | Introduction,factual,
de313b5061fc22e8ffef1706445728de298eae31,1811.01183,test,cross_model_core,What is the source of their data?,2,2,2,Task Description | The Dataset,factual,
47b7bc232af7bf93338bd3926345e23e9e80c0c1,1811.01183,test,cross_model_core,What is their binary classifier?,1,1,1,Evaluation,factual,
0b5c599195973c563c4b1a0fe5d8fc77204d71a0,1811.01183,test,cross_model_core,How long is their dataset?,1,1,1,The Dataset,factual,
1397b1c51f722a4ee2b6c64dc9fc6afc8bd3e880,1811.01183,test,cross_model_core,What is a study descriptor?,1,1,1,Introduction,factual,
602396d1f5a3c172e60a10c7022bcfa08fa6cbc9,1811.09786,train,cross_model_core,By how much do they outperform BiLSTMs in Sentiment Analysis?,1,1,1,Overall Results,factual,
b984612ceac5b4cf5efd841af2afddd244ee497a,1811.09786,train,cross_model_core,Does their model have more parameters than other models?,1,1,1,Overall Results,factual,
fa800a21469a70fa6490bfc67cabdcc8bf086fb5,1902.06734,test,cross_model_core,Is the dataset used in other work?,2,2,1,Dataset,factual,
6883767bbdf14e124c61df4f76335d3e91bfcb03,1902.06734,test,cross_model_core,What is the drawback to methods that rely on textual cues?,1,1,1,Analysis and discussion,section_specific,
11679d1feba747c64bbbc62939a20fbb69ada0f3,1902.06734,test,cross_model_core,What community-based profiling features are used?,1,2,1,Representing authors,factual,
ca4b66ffa4581f9491442dcec78ca556253c8146,1905.08949,train,cross_model_core,Do they survey visual question generation work?,1,2,1,Wider Input Modalities,factual,
3703433d434f1913307ceb6a8cfb9a07842667dd,1905.08949,train,cross_model_core,What learning paradigms do they cover in this survey?,1,2,1,Learning Paradigm,synthesis,
f7c34b128f8919e658ba4d5f1f3fc604fb7ff793,1905.08949,train,cross_model_core,What are all the input modalities considered in prior work in question generation?,1,2,1,Input Modality,synthesis,
4146e1d8f79902c0bc034695998b724515b6ac81,1905.10238,train,cross_model_core,What dataset do they evaluate their model on?,1,1,1,Data,factual,
42394c54a950bae8cebecda9de68ee78de69dc0d,1905.10238,train,cross_model_core,What is the source of external knowledge?,1,1,1,Knowledge Types,factual,
c22394a3fb0dbf2fc7d3a70ad6435803f5a16ebd,1908.08717,validation,cross_model_core,What tasks did they use to evaluate performance for male and female speakers?,1,1,1,Introduction,factual,
f85f2a532e7e700d9f8f9c09cd08d4e47b87bdd3,1908.08717,validation,cross_model_core,What is the goal of investigating NLP gender bias specifically in the news broadcast domain and Anchor role?,2,2,2,Conclusion | Introduction,synthesis,Study-level motivation rather than a local experimental detail.
a253749e3b4c4f340778235f640ce694642a4555,1908.08717,validation,cross_model_core,Which corpora does this paper analyse?,1,1,1,Methodology,factual,
1142784dc4e0e4c0b4eca1feaf1c10dc46dd5891,1908.08717,validation,cross_model_core,How many categories do authors define for speaker role?,1,3,1,Methodology,factual,
777bb3dcdbc32e925df0f7ec3adb96f15dd3dc47,1908.08717,validation,cross_model_core,How big is imbalance in analyzed corpora?,1,1,1,Results,factual,
2da4c3679111dd92a1d0869dae353ebe5989dfd2,1908.08717,validation,cross_model_core,What are four major corpora of French broadcast?,1,1,1,From gender representation in data to gender bias in AI,factual,
89414ef7fcb2709c47827f30a556f543b9a9e6e0,1908.08917,test,cross_model_core,How does this research compare to research going on in the US and USSR at this time?,3,5,2,Beginnings of Machine Translation and Artificial Intelligence in the USA and USSR | The formation of the Croatian group in Zagreb,multi_hop,
faffcc6ef27c1441e6528f924e320368430d8da3,1908.08917,test,cross_model_core,What is the reason this research was not adopted in the 1960s?,3,4,3,Beginnings of Machine Translation and Artificial Intelligence in the USA and USSR | Conclusion | The formation of the Croatian group in Zagreb,multi_hop,
afad388a0141bdda5ca9586803ac53d5f10f41f6,1908.08917,test,cross_model_core,What is included in the cybernetic methods mentioned?,2,6,1,Contributions of the Croatian group,synthesis,
baaa6ad7148b785429a20f38786cd03ab9a2646e,1908.08917,test,cross_model_core,What were the usual logical approaches of the time period?,3,2,1,Beginnings of Machine Translation and Artificial Intelligence in the USA and USSR,synthesis,
17fd6deb9e10707f9d1b70165dedb045e1889aac,1908.11053,test,cross_model_core,What are their evaluation metrics?,2,2,2,Detailed Analysis | End-to-End Results,factual,
c4a3f270e942803dab9b40e5e871a2e8886ce444,1908.11053,test,cross_model_core,Are their formal queries tree-structured?,1,1,1,Conclusion,factual,
1faccdc78bbd99320c160ac386012720a0552119,1908.11053,test,cross_model_core,What knowledge base do they rely on?,2,2,2,Experimental Setup | Introduction,factual,
804466848f4fa1c552f0d971dce226cd18b9edda,1908.11053,test,cross_model_core,How do they recover from noisy entity linking?,1,1,1,Detailed Analysis,section_specific,
8d683d2e1f46626ceab60ee4ab833b50b346c29e,1908.11053,test,cross_model_core,What datasets do they evaluate on?,1,1,1,Experimental Setup,factual,
63eb31f613a41a3ddd86f599e743ed10e1cd07ba,1909.00100,train,cross_model_core,What codemixed language pairs are evaluated?,1,1,1,Codemixed Input,factual,
d2804ac0f068e9c498e33582af9c66906b26cac3,1909.00100,train,cross_model_core,How do they compress the model?,1,3,1,Distillation,section_specific,
e24fbcc8be922c43f6b6037cdf2bfd4c0a926c08,1909.00100,train,cross_model_core,What is the multilingual baseline?,1,1,1,Multilingual Models for Sequence Labeling,factual,
aef607d2ac46024be17b1ddd0ed3f13378c563a6,1909.00326,validation,cross_model_core,How do they measure which words are under-translated by NMT models?,2,2,1,Analysis,section_specific,
93beae291b455e5d3ecea6ac73b83632a3ae7ec7,1909.00326,validation,cross_model_core,How do their models decide how much improtance to give to the output words?,2,3,1,Approach,section_specific,
6c91d44d5334a4ac80100eead4e105d34e99a284,1909.00326,validation,cross_model_core,Which model architectures do they test their word importance approach on?,1,1,1,Experiment,factual,
b70e4c49300dc3eab18e907ab903afd2a0c6075a,1909.00437,test,cross_model_core,What are the five downstream tasks?,1,1,1,Experiments and Results,factual,
088d42ecb1e15515f6a97a0da2fed81b61d61a23,1909.00437,test,cross_model_core,Is this more effective for low-resource than high-resource languages?,3,4,4,Analysis | Experiments and Results | Massively Multilingual Neural Machine Translation Model,multi_hop,
8599d6d14ac157169920c73b98a79737c7a68cf5,1909.00437,test,cross_model_core,Is mBERT fine-tuned for each language?,2,2,2,Analysis | Massively Multilingual Neural Machine Translation Model,factual,
f1d61b44105e651925d02a51e6d7ea10ea28ebd8,1909.00437,test,cross_model_core,How did they select the 50 languages they test?,3,3,3,Experiments and Results | Introduction | Massively Multilingual Neural Machine Translation Model,section_specific,
bb169a0624aefe66d3b4b1116bbd152d54f9e31b,1909.01247,train,cross_model_core,Did they experiment with the corpus?,1,1,1,Classes and Annotation Methodology,factual,
ca8e023d142d89557714d67739e1df54d7e5ce4b,1909.01247,train,cross_model_core,How did they determine the distinct classes?,1,1,1,Corpus Description,section_specific,
cfb5ab893ed77f9df7eeb4940b6bacdef5acccea,1909.05360,train,cross_model_core,Is this the first paper to propose a joint model for event and temporal relation extraction?,1,1,1,Introduction,factual,
a5abd4dd91e6f2855e9098bd6ae1481c0fdb0d4a,1909.05360,train,cross_model_core,What datasets were used for this work?,1,1,1,Experimental Setup,factual,
b366706e2fff6dd8edc89cc0c6b9d5b0790f43aa,1909.09484,train,cross_model_core,What metrics are used to measure performance of models?,1,3,1,Experiments,factual,
c165ea43256d7ee1b1fb6f5c0c8af5f7b585e60d,1909.09484,train,cross_model_core,How much is proposed model better than baselines in performed experiments?,1,3,1,Experiments,factual,
e72a672f8008bbc52b93d8037a5fedf8956136af,1909.09484,train,cross_model_core,What are state-of-the-art baselines?,1,2,1,Experiments,factual,
57586358dd01633aa2ebeef892e96a549b1d1930,1909.09484,train,cross_model_core,What two benchmark datasets are used?,1,1,1,Experiments,factual,
191d4fe8a37611b2485e715bb55ff1a30038ad6a,1909.09524,train,cross_model_core,"Are experiments performed with any other pair of languages, how did proposed method perform compared to other models?",1,1,1,Main Results,multi_hop,
6e76f114209f59b027ec3b3c8c9cdfc3e682589f,1909.09524,train,cross_model_core,Is pivot language used in experiments English or some other language?,1,1,1,Pivot-based Transfer Learning,factual,
6583e8bfa7bcc3a792a90b30abb316e6d423f49b,1909.09524,train,cross_model_core,What are multilingual models that were outperformed in performed experiment?,1,5,1,Main Results,factual,
53d6cbee3606dd106494e2e98aa93fdd95920375,1910.00458,train,cross_model_core,How big are improvements of MMM over state of the art?,1,1,1,Results,factual,
9dc844f82f520daf986e83466de0c84d93953754,1910.00458,train,cross_model_core,What out of domain datasets authors used for coarse-tuning stage?,1,1,1,Experimental Setup,factual,
36d892460eb863220cd0881d5823d73bbfda172c,1910.00458,train,cross_model_core,What four representative datasets are used for bechmark?,1,1,1,Introduction,factual,
bd3ccb63fd8ce5575338d7332e96def7a3fabad6,1910.00912,train,cross_model_core,Which publicly available NLU dataset is used?,1,3,3,Experimental Evaluation,factual,
7c794fa0b2818d354ca666969107818a2ffdda0c,1910.00912,train,cross_model_core,What metrics other than entity tagging are compared?,1,3,2,Experimental Evaluation,factual,
81669c550d32d756f516dab5d2b76ff5f21c0f36,1910.06701,train,cross_model_core,what are the existing models they compared with?,1,11,1,Experiments,factual,
803babb71e1bdaf507847d6c712585f4128e9f47,1910.14589,test,cross_model_core,what baseline models are trained?,1,1,1,Experiments,factual,
5fd112980d0dd7f7ce30e6273fe6e7b230b13225,1910.14589,test,cross_model_core,what dataset was used?,2,2,2,Experiments | Task description,factual,
eaae11ffd4ff955de2cd6389b888f5fd2c660a32,1910.14589,test,cross_model_core,what are the human evaluation metrics?,2,2,1,Experiments,factual,
290ebf0d1c49b67a6d1858366be751d89086a78b,1910.14589,test,cross_model_core,what automatic evaluation is performed?,2,3,2,Experiments | Introduction,factual,
806fefe0e331ddb3c17245d6a9fa7433798e367f,1910.14589,test,cross_model_core,what are the existing online systems?,1,1,1,Experiments,factual,
3c3807f226ba72fc41f59f0338f12a49a0c35605,1911.00841,validation,cross_model_core,Are the experts comparable to real-world users?,1,1,1,Related Work,factual,
c70bafc35e27be9d1efae60596bc0dd390c124c0,1911.00841,validation,cross_model_core,Are the answers double (and not triple) annotated?,1,1,1,Data Collection,factual,
81d607fc206198162faa54a796717c2805282d9b,1911.00841,validation,cross_model_core,Who were the experts used for annotation?,2,2,2,Data Collection | Related Work,factual,
51fe4d44887c5cc5fc98b65ca4cb5876f0a56dad,1911.00841,validation,cross_model_core,What type of neural model was used?,2,3,2,Experimental Setup,factual,
f0848e7a339da0828278f6803ed7990366c975f0,1911.00841,validation,cross_model_core,Were other baselines tested to compare with the neural baseline?,2,4,2,Experimental Setup,factual,
6d17dc00f7e5331128b6b585e78cac0b9082e13d,1911.12722,test,cross_model_core,Was the entire annotation process done manually?,1,1,1,Annotations,factual,
de0154affd86c608c457bf83d888bbd1f879df93,1911.12722,test,cross_model_core,What were the results of their experiment?,2,3,3,Experiments,synthesis,Asks for an overall account of the experimental results.
9887ca3d25e2109f41d1da80eeea05c465053fbc,1911.12722,test,cross_model_core,How big is the dataset?,2,2,2,Corpus Statistics | Introduction,factual,
87b65b538d79e1218fa19aaac71e32e9b49208df,1911.12722,test,cross_model_core,What are all the domains the corpus came from?,1,1,1,Introduction,factual,
99e78c390932594bd833be0f5c890af5c605d808,1912.04961,validation,cross_model_core,What is the baseline?,1,1,1,Experiments,factual,
861187338c5ad445b9acddba8f2c7688785667b1,1912.04961,validation,cross_model_core,Is the data de-identified?,1,1,1,Data,factual,
f161e6d5aecf8fae3a26374dcb3e4e1b40530c95,1912.04961,validation,cross_model_core,What embeddings are used?,2,2,2,Experiments | Introduction,factual,
8de64483ae96c0a03a8e527950582f127b43dceb,1912.05238,train,cross_model_core,Do they report results only on English data?,1,2,1,Experimental Results,factual,
4d062673b714998800e61f66b6ccbf7eef5be2ac,1912.05238,train,cross_model_core,What is the Moral Choice Machine?,1,1,1,Appendix,factual,
f4238f558d6ddf3849497a130b3a6ad866ff38b3,1912.05238,train,cross_model_core,How is moral bias measured?,1,2,1,Human-like Moral Choices from Human Text,section_specific,
96dcabaa8b6bd89b032da609e709900a1569a0f9,1912.05238,train,cross_model_core,How do the authors define deontological ethical reasoning?,1,1,1,Assumptions and Background,factual,
45e6532ac06a59cb6a90624513242b06d7391501,1912.11637,test,cross_model_core,What do they mean by explicit selection of most relevant segments?,2,3,2,Explicit Sparse Transformer | Introduction,factual,
a98ae529b47362f917a398015c8525af3646abf0,1912.11637,test,cross_model_core,What datasets they used for evaluation?,2,4,3,Results,factual,
5845d1db7f819dbadb72e7df69d49c3f424b5730,2001.05493,train,cross_model_core,What is English mixed with in the TRAC dataset?,1,6,2,Conclusion and Future Work | Introduction,factual,
e829f008d62312357e0354a9ed3b0827c91c9401,2001.05493,train,cross_model_core,Which psycholinguistic and basic linguistic features are used?,1,2,2,Introduction | Methodology,factual,
54fe8f05595f2d1d4a4fd77f4562eac519711fa6,2001.05493,train,cross_model_core,How have the differences in communication styles between Twitter and Facebook increase the complexity of the problem?,1,1,1,Introduction,multi_hop,
fbe5e513745d723aad711ceb91ce0c3c2ceb669e,2001.05493,train,cross_model_core,What data/studies do the authors provide to support the assertion that the majority of aggressive conversations contain code-mixed languages?,1,1,1,Introduction,factual,
fc65f19a30150a0e981fb69c1f5720f0136325b0,2001.08845,train,cross_model_core,Is is known whether Sina Weibo posts are censored by humans or some automatic classifier?,1,1,1,Introduction,factual,
c180f44667505ec03214d44f4970c0db487a8bae,2001.10161,train,cross_model_core,How well did the system do?,1,3,2,Evaluation,synthesis,Asks for overall system performance across multiple result passages.
76d62e414a345fe955dc2d99562ef5772130bc7e,2001.10161,train,cross_model_core,How is the information extracted?,1,7,3,World Generation,section_specific,
4cbc56d0d53c4c03e459ac43e3c374b75fd48efe,2001.11268,train,cross_model_core,What baselines did they consider?,1,2,2,INTRODUCTION | RESULTS,factual,
e5a965e7a109ae17a42dd22eddbf167be47fca75,2001.11268,train,cross_model_core,What are the problems related to ambiguity in PICO sentence prediction tasks?,1,1,1,RESULTS,section_specific,
5d85d7d4d013293b4405beb4b53fa79ac7c03401,2002.05058,train,cross_model_core,How they add human prefference annotation to fine-tuning process?,1,2,1,Methodology,section_specific,
6dc9960f046ec6bd280a721724458f66d5a9a585,2002.05058,train,cross_model_core,What previous automated evalution approaches authors mention?,1,4,1,Related Work,synthesis,Broad account of prior automated evaluation approaches.
75b69eef4a38ec16df63d60be9708a3c44a79c56,2002.05058,train,cross_model_core,How much better peformance is achieved in human evaluation when model is trained considering proposed metric?,1,2,2,Experiments,factual,
d576af4321fe71ced9e521df1f3fe1eb90d2df2d,2002.10210,test,cross_model_core,How better are results of new model compared to competitive methods?,1,3,3,Experiments,factual,
fd651d19046966ca65d4bcf6f6ae9c66cdf13777,2002.10210,test,cross_model_core,What is the metrics used for benchmarking methods?,1,1,1,Experiments,factual,
08b77c52676167af72581079adf1ca2b994ce251,2002.10210,test,cross_model_core,What are other competitive methods?,1,9,1,Experiments,factual,
89fa14a04008c93907fa13375f9e70b655d96209,2002.10210,test,cross_model_core,What is the size of built dataset?,2,2,2,Experiments | Preliminaries,factual,
20eb673b01d202b731e7ba4f84efc10a18616dd3,2003.08132,train,cross_model_core,What representations are presented by this paper?,1,1,1,Methodology,factual,
c69f4df4943a2ca4c10933683a02b179a5e76f64,2003.12738,train,cross_model_core,What approach performs better in experiments global latent or sequence of fine-grained latent variables?,1,1,1,Results,factual,
6aed1122050b2d508dc1790c13cdbe38ff126089,2003.12738,train,cross_model_core,What baselines other than standard transformers are used in experiments?,1,2,2,Experiments,factual,
8740c3000e740ac5c0bc8f329d908309f7ffeff6,2003.12738,train,cross_model_core,What three conversational datasets are used for evaluation?,1,1,1,Experiments,factual,
818c89b11471a6ca4f13c838713864fdf282c2ca,2004.02451,train,cross_model_core,What neural language models are explored?,1,1,1,Target Task and Setup,factual,
7994b4001925798dfb381f9aa5c0545cdbd77220,2004.02451,train,cross_model_core,How do they perform data augmentation?,1,1,1,Limitations of LSTM-LMs,section_specific,
f33236ebd6f5a9ccb9b9dbf05ac17c3724f93f91,2004.03744,train,cross_model_core,"Is model explanation output evaluated, what metric was used?",1,1,1,SNLI-VE-2.0,factual,
66bf0d61ffc321f15e7347aaed191223f4ce4b4a,2004.03744,train,cross_model_core,How many annotators are used to write natural language explanations to SNLI-VE-2.0?,1,1,1,Appendix,factual,
5dfa59c116e0ceb428efd99bab19731aa3df4bbd,2004.03744,train,cross_model_core,How many natural language explanations are human-written?,1,1,1,Appendix,factual,
0c557b408183630d1c6c325b5fb9ff1573661290,2004.03744,train,cross_model_core,How much is performance difference of existing model between original and corrected corpus?,1,1,1,SNLI-VE-2.0,factual,
a08b5018943d4428f067c08077bfff1af3de9703,2004.03744,train,cross_model_core,What is the class with highest error rate in SNLI-VE?,1,1,1,Introduction,factual,
67a28fe78f07c1383176b89e78630ee191cf15db,1603.04513,train,granite_extended,Where is MVCNN pertained?,1,1,1,Model Enhancements,factual,
9cba2ee1f8e1560e48b3099d0d8cf6c854ddea2e,1603.04513,train,granite_extended,What are the effects of extracting features of multigranular phrases?,1,2,2,Conclusion | Datasets and Experimental Setup,multi_hop,
7975c3e1f61344e3da3b38bb12e1ac6dcb153a18,1603.04513,train,granite_extended,What are the effects of diverse versions of pertained word embeddings?,1,1,1,Datasets and Experimental Setup,factual,
eddb18109495976123e10f9c6946a256a55074bd,1603.04513,train,granite_extended,How is MVCNN compared to CNN?,1,1,1,Conclusion,factual,
0ee73909ac638903da4a0e5565c8571fc794ab96,1612.02482,validation,granite_extended,How were the human judgements assembled?,1,1,1,Human Evaluation,section_specific,
4c7b29f6e3cc1e902959a1985146ccc0b15fe521,1701.02025,train,granite_extended,How do you find the entity descriptions?,1,1,1,Analysis,section_specific,
003f884d3893532f8c302431c9f70be6f64d9be8,1705.09665,train,granite_extended,Do they report results only on English data?,1,1,1,Applying the typology to Reddit,factual,
bb97537a0a7c8f12a3f65eba73cefa6abcd2f2b2,1705.09665,train,granite_extended,How do the various social phenomena examined manifest in different types of communities?,1,2,2,Community-type and monthly retention | Community-type and user tenure,synthesis,Integrates several social phenomena across community types.
eea089baedc0ce80731c8fdcb064b82f584f483a,1705.09665,train,granite_extended,What patterns do they observe about how user engagement varies with the characteristics of a community?,1,2,1,Introduction,synthesis,Integrates engagement patterns with multiple community characteristics.
edb2d24d6d10af13931b3a47a6543bd469752f0c,1705.09665,train,granite_extended,How did the select the 300 Reddit communities for comparison?,1,1,1,Applying the typology to Reddit,section_specific,
938cf30c4f1d14fa182e82919e16072fdbcf2a82,1705.09665,train,granite_extended,How do the authors measure how temporally dynamic a community is?,1,1,1,Community-level measures,section_specific,
93f4ad6568207c9bd10d712a52f8de25b3ebadd4,1705.09665,train,granite_extended,How do the authors measure how distinctive a community is?,1,1,1,Community-level measures,section_specific,
b57ad10468e1ba2a7a34396688dbb10a575d89f5,1706.02427,test,granite_extended,What loss function is used?,1,1,1,Matching with Neural Networks,factual,
9d6d17120c42a834b2b5d96f2120d646218ed4bb,1706.02427,test,granite_extended,Do they use the unstructured text on the webpage that was the source of the table?,2,3,3,Candidate Table Retrieval | Dataset and Setting | Task Definition,factual,
965e0ce975a0b8612a30cfc31bbfd4b8a57aa138,1706.02427,test,granite_extended,Does their method rely on the column headings of the table?,2,2,2,Matching with Neural Networks | Task Definition,factual,
8dfdd1ed805bb23c774fbb032ef1d97c6802e07c,1706.02427,test,granite_extended,Are all the tables in the dataset from the same website?,2,3,2,Dataset and Setting | Introduction,factual,
c348a8c06e20d5dee07443e962b763073f490079,1706.04815,train,granite_extended,What two components are included in their proposed framework?,1,1,1,Introduction,factual,
0300cf768996849cab7463d929afcb0b09c9cf2a,1706.04815,train,granite_extended,Which framework they propose in this paper?,1,1,1,Introduction,factual,
dd8f72cb3c0961b5ca1413697a00529ba60571fe,1706.04815,train,granite_extended,Why MS-MARCO is different from SQuAD?,1,1,1,Evidence Extraction,factual,
a81941f933907e4eb848f8aa896c78c1157bff20,1711.03438,train,granite_extended,"Can the model add new relations to the knowledge graph, or just new entities?",1,2,2,ConMask: A Content Masking Model for Open-World KGC | Relationship-Dependent Content Masking,factual,
2b78052314cb730824836ea69bc968df7964b4e4,1803.03664,train,granite_extended,Which datasets are used to train this model?,1,1,1,Experiments and Results,factual,
c4a6b727769328333bb48d59d3fc4036a084875d,1808.09920,train,granite_extended,What baseline did they compare Entity-GCN to?,1,1,1,Comparison,factual,
93e8ce62361b9f687d5200d2e26015723721a90f,1808.09920,train,granite_extended,Did they use a relation extraction method to construct the edges in the graph?,1,1,1,Reasoning on an entity graph,factual,
d05d667822cb49cefd03c24a97721f1fe9dc0f4c,1808.09920,train,granite_extended,How did they get relations between mentions?,1,1,1,Reasoning on an entity graph,section_specific,
2a1e6a69e06da2328fc73016ee057378821e0754,1808.09920,train,granite_extended,How did they detect entity mentions?,1,4,1,Reasoning on an entity graph,section_specific,
cf15c4652e23829d8fb4cf2a25e64408c18734c1,1811.11365,train,granite_extended,Why is this work different from text-only UNMT?,1,1,1,Introduction,factual,
9f6e877e3bde771595e8aee10c2656a0e7b9aeb2,1905.06512,train,granite_extended,Do they perform manual evaluation?,1,1,1,Results,factual,
a3783e42c2bf616c8a07bd3b3d503886660e4344,1905.06512,train,granite_extended,Do they compare against Noraset et al. 2017?,1,1,1,Baseline Model,factual,
0d0959dba3f7c15ee4f5cdee51682656c4abbd8f,1905.06512,train,granite_extended,What is a sememe?,1,1,1,Introduction,factual,
2cfcc5864a30259fd35f1cc035fab956802c1c5b,1906.09777,train,granite_extended,What datasets or tasks do they conduct experiments on?,1,3,3,Experiments | Language Modeling | Neural Machine Translation,factual,
5a22293b055f5775081d6acdc0450f7bd5f5de04,1909.02304,validation,granite_extended,What is the state-of-the-art model for the task?,1,1,1,Experiments,factual,
03c967763e51ef2537793db7902e2c9c17e43e95,1909.02304,validation,granite_extended,What is the strong baseline?,2,2,1,Experiments,factual,
a786cceba4372f6041187c426432853eda03dca6,1910.02001,test,granite_extended,What is the state-of-the-art?,1,1,1,Related Work,factual,
a837dcbd339e27a974e28944178c790a5b0b37c0,1910.02001,test,granite_extended,How large is the dataset?,1,1,1,Data,factual,
c135e1f8ecaf7965f6a6d3e30b537eb37ad74230,1910.02001,test,granite_extended,How are labels for trolls obtained?,2,2,1,Introduction,section_specific,
16a10c1681dc5a399b6d34b4eed7bb1fef816dd0,1910.02001,test,granite_extended,Do they only look at tweets?,2,2,2,Data,factual,
8e113fd9661bc8af97e30c75a20712f01fc4520a,1911.10401,test,granite_extended,What are the baseline models?,1,1,1,Experimental Results,factual,
35e0e6f89b010f34cfb69309b85db524a419c862,1911.10401,test,granite_extended,How are the three different forms defined in this work?,1,1,1,Introduction,factual,
992e67f706c728bc0e534f974c1656da10e7a724,1911.10401,test,granite_extended,What datasets are used for training and testing?,1,1,1,Experimental Results,factual,
61e96abdc924c34c6b82a587168ea3d14fe792d1,1911.10401,test,granite_extended,"Does approach handle overlapping forms (e.g., metaphor and irony)?",2,2,2,Introduction | Literature Review,factual,
ee8a77cddbe492c686f5af3923ad09d401a741b5,1911.10401,test,granite_extended,Does this work differentiate metaphor(technique) from irony and sarcasm (purpose)?,1,1,1,Introduction,factual,
397a1e851aab41c455c2b284f5e4947500d797f0,1911.10742,test,granite_extended,How big is the ANTISCAM dataset?,1,1,1,Datasets,factual,
cc8b4ed3985f9bfbe1b5d7761b31d9bd6a965444,1911.10742,test,granite_extended,How is intent annotated?,6,7,4,Datasets | Introduction | Non-Collaborative Task Annotation Scheme,section_specific,
f7662b11e87c1e051e13799413f3db459ac3e19c,1911.10742,test,granite_extended,What are the baselines outperformed by this work?,3,5,3,Experiments | Introduction | Results and Analysis,factual,
b584739622d0c53830e60430b13fd3ae6ff43669,1911.10742,test,granite_extended,What are the evaluation metrics and criteria used to evaluate the model performance?,3,9,2,Experiments,factual,
c0120d339fcdb3833884622e532e7513d1b2c7dd,1912.00342,test,granite_extended,Is some baseline method trained on new dataset?,1,1,1,Experiments,factual,
f52c9744a371104eb2677c181a7004f7a77d9dd3,1912.00342,test,granite_extended,What potential applications are demonstrated?,1,2,1,Application,synthesis,
867b1bb1e6a38de525be7757d49928a132d0dbd8,1912.00342,test,granite_extended,What method is proposed to mitigate class imbalance in final dataset?,2,2,2,Dataset Construction | Introduction,section_specific,
b686e10a725254695821e330a277c900792db69f,1704.08424,train,granite_extended,How does this compare to contextual embedding methods?,1,1,1,Introduction,factual,
22375aac4cbafd252436b756bdf492a05f97eed8,1708.07252,test,granite_extended,What languages are used for the experiments?,1,1,1,Bidirectional Recurrent Neural Network,factual,
d2f91303cec132750a416192f67c8ac1d3cf6fc0,1708.07252,test,granite_extended,What is the caching mechanism?,2,3,1,Caching,section_specific,
9f065e787a0d40bb4550be1e0d64796925459005,1708.07252,test,granite_extended,What language model architectures are examined?,2,2,2,Comparison of Neural Network Language Models | Introduction,factual,
e6f5444b7c08d79d4349e35d5298a63bb30e7004,1708.07252,test,granite_extended,What directions are suggested to improve language models?,2,2,1,Future Work,synthesis,
8d3f79620592d040f9f055b4fce0f73cc45aab63,1711.04964,test,granite_extended,How much improvement is given on RACE by their introduced approach?,2,2,2,Ablation Studies | Model Performance,factual,
f92c344e9b1a986754277fd0f08a47dc3e5f9feb,1803.08419,test,granite_extended,What are the limitations of the currently used quantitative metrics? e.g. why are they not 'good'?,2,4,3,Evaluation methods | Introduction | Sequence to Sequence approaches for dialogue modelling,synthesis,Broad synthesis of limitations across several quantitative metrics.
b10388e343868ca8e5c7c601ebb903f52e756e61,1803.08419,test,granite_extended,What metrics are typically used to compare models?,2,2,2,Evaluation methods | Introduction,factual,
e8cdeb3a081d51cc143c7090a54c82d393f1a2ca,1803.08419,test,granite_extended,Is there a benchmark to compare the different approaches?,2,2,2,Conclusion | Evaluation methods,factual,
833d3ae7613500f2867ed8b33d233d71781014e7,1803.08419,test,granite_extended,What GAN and RL approaches are used?,3,8,5,Actor-Critic Algorithm | End-to-End Reinforcement Learning of Dialogue Agents for Information Access | Initial reinforcement methods | Reinforcement Learning based models | Using Generative Adversarial Network,synthesis,
a1a0365bf6968cbdfd1072cf3923c26250bc955c,1803.08419,test,granite_extended,What type of neural models are used?,1,2,2,Language Model based approaches for dialogue modelling | Sequence to Sequence approaches for dialogue modelling,synthesis,
64f7337970e8d1989b2e1f7106d86f73c4a3d0af,1803.08419,test,granite_extended,What type of statistical models were used initially?,2,3,1,Machine Learning Methods,synthesis,
8fdb4f521d3ba4179f8ccc4c28ba399aab6c3550,1803.08419,test,granite_extended,What was the proposed use of conversational agents in pioneering work?,2,3,2,Early Techniques | Machine Learning Methods,synthesis,
a0d45b71feb74774cfdc0d5c6e23cd41bc6bc1f2,1803.08419,test,granite_extended,What work pioneered the field of conversational agents?,1,1,1,Early Techniques,factual,
440faf8d0af8291d324977ad0f68c8d661fe365e,1806.03125,validation,granite_extended,Which dataset has been used in this work?,1,1,1,Experimental Evaluation,factual,
0ec56e15005a627d0b478a67fd627a9d85c3920e,1806.03125,validation,granite_extended,What can word subspace represent?,1,1,1,Introduction,factual,
0ad4359e3e7e5e5f261c2668fe84c12bc762b3b8,1809.02286,validation,granite_extended,Which baselines did they compare against?,1,1,1,Quantitative Analysis,factual,
6c4d121d40ce6318ecdc141395cdd2982ba46cff,1809.06963,train,granite_extended,What is the data selection paper in machine translation,1,2,2,Introduction | Sample Re-Weighting,factual,
71fca845edd33f6e227eccde10db73b99a7e157b,1901.09755,train,granite_extended,What was the baseline?,1,2,2,Background | Multilingual,factual,
93b299acfb6fad104b9ebf4d0585d42de4047051,1901.09755,train,granite_extended,Which datasets are used?,1,3,2,ABSA Datasets | Unlabelled Corpora,factual,
e755fb599690d0d0c12ddb851ac731a0a7965797,1901.09755,train,granite_extended,Which six languages are experimented with?,1,1,1,Experimental Results,factual,
7e51490a362135267e75b2817de3c38dfe846e21,1901.09755,train,granite_extended,What shallow local features are extracted?,1,1,1,System,factual,
bc9c31b3ce8126d1d148b1025c66f270581fde10,1905.00563,train,granite_extended,What datasets are used to evaluate this approach?,1,1,1,Introduction,factual,
185841e979373808d99dccdade5272af02b98774,1905.00563,train,granite_extended,How is this approach used to detect incorrect facts?,1,1,1,Finding Errors in Knowledge Graphs,section_specific,
d427e3d41c4c9391192e249493be23926fc5d2e9,1905.00563,train,granite_extended,Can this adversarial approach be used to directly improve model accuracy?,1,1,1,Finding Errors in Knowledge Graphs,factual,
b6ffa18d49e188c454188669987b0a4807ca3018,1906.11180,train,granite_extended,What is the reasoning method that is used?,1,1,1,Experiment Setting,factual,
2b61893b22ac190c94c2cb129e86086888347079,1906.11180,train,granite_extended,What KB is used in this work?,1,1,1,Introduction,factual,
344238de7208902f7b3a46819cc6d83cc37448a0,1908.06024,test,granite_extended,Did the survey provide insight into features commonly found to be predictive of abusive content on online platforms?,2,5,2,Feature engineering based approaches | Neural network based approaches,synthesis,
56bbca3fe24c2e9384cc57f55f35f7f5ad5c5716,1908.06024,test,granite_extended,Is deep learning the state-of-the-art method in automated abuse detection,1,1,1,Neural network based approaches,factual,
71b29ab3ddcdd11dcc63b0bb55e75914c07a2217,1908.06024,test,granite_extended,How is abuse defined for the purposes of this research?,1,1,1,Introduction,factual,
f9c5799091e7e35a8133eee4d95004e1b35aea00,1908.06151,train,granite_extended,What experiment result led to conclussion that reducing the number of layers of the decoder does not matter much?,1,2,2,Experiments | Results,multi_hop,
04012650a45d56c0013cf45fd9792f43916eaf83,1908.06151,train,granite_extended,How much is performance hurt when using too small amount of layers in encoder?,1,1,1,Results,factual,
7889ec45b996be0b8bf7360d08f84daf3644f115,1908.06151,train,granite_extended,What was previous state of the art model for automatic post editing?,1,1,1,Related Research,factual,
8f6b11413a19fe4639b3fba88fc6b3678286fa0c,1911.09241,test,granite_extended,what are all the datasets they experiment with?,1,1,1,Experiments and Further Analyses,factual,
141f23e87c10c2d54d559881e641c983e3ec8ef3,1911.09241,test,granite_extended,what was the baseline model?,1,1,1,Experiments and Further Analyses,factual,
347e86893e8002024c2d10f618ca98e14689675f,1912.02481,train,granite_extended,What turn out to be more important high volume or high quality data?,1,1,1,Semantic Representations,factual,
cbf1137912a47262314c94d36ced3232d5fa1926,1912.02481,train,granite_extended,What two architectures are used?,1,2,2,Semantic Representations,factual,
10ddac87daf153cf674589cc1c64a795907d5d9a,1912.07976,train,granite_extended,How much better is performance of the proposed model compared to the state of the art in these various experiments?,1,1,1,Experiments,factual,
6cd874c4ae8e70f3c98c7176191c13a7decfbc45,1912.07976,train,granite_extended,What was state of the art on SemEval-2014 task4 Restaurant and Laptop dataset?,1,2,2,Experiments,factual,
b807dd3d42251615b881632caa5e331e2203d269,1912.07976,train,granite_extended,What was previous state-of-the-art on four Chinese reviews datasets?,1,1,1,Experiments,factual,
d39c911bf2479fdb7af339b59acb32073242fab3,1912.07976,train,granite_extended,In what four Chinese review datasets does LCF-ATEPC achieves state of the art?,1,1,1,Experiments,factual,
5be62428f973a08c303c66018b081ad140c559c8,2001.02214,train,granite_extended,What is the model accuracy?,1,2,2,Evaluation,factual,
64b65687b82ddb17c3d068381aaee56eb7fc02cd,2001.02214,train,granite_extended,What dataset is used?,1,1,1,Evaluation,factual,
f42e61f9ad06fb782d1574eb973c880add4f76d2,2001.03632,train,granite_extended,What architectural factors were investigated?,1,1,1,Introduction,factual,
eac042734f76e787cb98ba3d0c13a916a49bdfb3,1601.04012,train,granite_extended,Which datasets are used in this work?,1,1,1,Biomedical Event Extraction,factual,
94e0cf44345800ef46a8c7d52902f074a1139e1a,1701.02877,train,granite_extended,What web and user-generated NER datasets are used for the analysis?,1,1,1,Datasets,factual,
7b89515d731d04dd5cbfe9c2ace2eb905c119cbc,1705.03151,train,granite_extended,Which is the baseline model?,1,2,1,Babel: baseline of bilingual LID,factual,
79a28839fee776d2fed01e4ac39f6fedd6c6a143,1705.03151,train,granite_extended,What is the main contribution of the paper?,1,1,1,Motivation of the paper,synthesis,
ba05a53f5563b9dd51cc2db241c6e9418bc00031,1707.07048,train,granite_extended,How is the discriminative training formulation different from the standard ones?,1,3,1,Multi-output Sequence Discriminative Training,multi_hop,
7bf3a7d19f17cf01f2c9fa16401ef04a3bef65d8,1707.07048,train,granite_extended,How are the two datasets artificially overlapped?,1,1,1,Experimental Setup,section_specific,
7426a6e800d6c11795941616fc4a243e75716a10,1806.11322,train,granite_extended,What factors contribute to interpretive biases according to this research?,1,1,1,Some examples of bias,synthesis,Asks for an integrated account of multiple contributing factors.
da4535b75e360604e3ce4bb3631b0ba96f4dadd3,1806.11322,train,granite_extended,Which interpretative biases are analyzed in this paper?,1,1,1,Epistemic ME games,factual,
4b624064332072102ea674254d7098038edad572,1807.09000,train,granite_extended,Did participants behave unexpectedly?,1,4,3,Experiment 2: Comparing confederates to natural speakers | General Discussion | Results,multi_hop,
65ba7304838eb960e3b3de7c8a367d2c2cd64c54,1807.09000,train,granite_extended,Was this experiment done in a lab?,1,1,1,Methods,factual,
3588988f2230f3329d7523fbb881b20bf177280d,1811.00051,test,granite_extended,Which ontologies did they use?,1,1,1,The Ontologies of our Experiments,factual,
3699927c6c1146f5057576034d226a99946d52cb,1902.08830,test,granite_extended,what languages did they evaluate on?,3,2,1,Introduction,factual,
6606160e210d05b94f7cbd9c5ff91947339f9d02,1902.08830,test,granite_extended,were these categories human evaluated?,3,4,4,Comparison Models | Experimental Setup | Introduction | Results,factual,
0dc9050c832a6091bc9db3f7fa7be72139f51177,1902.08830,test,granite_extended,do language share categories?,1,1,1,Category and Feature Learning at Scale,factual,
6e3e9818551fc2f8450bbf09b0fe82ac2506bc7a,1906.06349,test,granite_extended,How do they prove that RNNs with arbitrary precision are as powerful as a pushdown automata?,1,4,1,Simple RNNs,multi_hop,
d6ea7a30b0b61ae126b00b59d2a14fff2ef887bf,1907.01468,validation,granite_extended,What approaches do they use towards text analysis?,2,11,3,Modeling considerations | Operationalization | Research questions,synthesis,
b970f48d30775d3468952795bc72976baab3438e,1907.01468,validation,granite_extended,What kind of issues (that are not on the forefront of computational text analysis) do they tackle?,1,2,1,Research questions,synthesis,
e96adf8466e67bd19f345578d5a6dc68fd0279a1,1910.09399,train,granite_extended,Is text-to-image synthesis trained is suppervized or unsuppervized manner?,2,2,2,Preliminaries and Frameworks | Text-to-Image Synthesis Taxonomy and Categorization,factual,
c1477a6c86bd1670dd17407590948000c9a6b7c6,1910.09399,train,granite_extended,What challenges remain unresolved?,1,1,1,Conclusion,synthesis,
e020677261d739c35c6f075cde6937d0098ace7f,1910.09399,train,granite_extended,What is the conclusion of comparison of proposed solution?,1,3,1,"GAN Based Text-to-Image Synthesis Applications, Benchmark, and Evaluation and Comparisons",synthesis,Asks for the overall conclusion of a comparison.
6389d5a152151fb05aae00b53b521c117d7b5e54,1910.09399,train,granite_extended,What is typical GAN architecture for each text-to-image synhesis group?,1,1,1,Text-to-Image Synthesis Taxonomy and Categorization,factual,
c95fd189985d996322193be71cf5be8858ac72b5,1911.03562,train,granite_extended,Which NLP area have the highest average citation for woman author?,1,1,1,Correlation of Age and Gender with Citations,factual,
7955dbd79ded8ef4ae9fc28b2edf516320c1cb55,1911.03562,train,granite_extended,What aspect of NLP research is examined?,1,1,1,Introduction,factual,
205163715f345af1b5523da6f808e6dbf5f5dd47,1911.03562,train,granite_extended,How many papers are used in experiment?,1,1,1,Size,factual,
53807f435d33fe5ce65f5e7bda7f77712194f6ab,1912.08320,train,granite_extended,What are the key issues around whether the gold standard data produced in such an annotation is reliable?,1,2,1,Literature review and motivation,synthesis,Broad synthesis of reliability issues in gold-standard annotation.
2ec9c1590c96f17a66c7d4eb95dc5d3a447cb973,1912.08320,train,granite_extended,How were the machine learning papers from ArXiv sampled?,1,1,1,Data and methods,section_specific,
208e667982160cfbce49ef49ad96f6ab094292ac,1912.08320,train,granite_extended,What are the core best practices of structured content analysis?,1,1,1,Literature review and motivation,synthesis,Broad account of the core practices of structured content analysis.
35eb8464e934a2769debe14148667c61bf1da243,1912.08320,train,granite_extended,In what sense is data annotation similar to structured content analysis?,1,2,1,Literature review and motivation,multi_hop,
a45edc04277a458911086752af4f17405501230f,2002.06053,train,granite_extended,Are datasets publicly available?,1,1,1,Future Perspectives,factual,
8c8a32592184c88f61fac1eef12c7d233dbec9dc,2002.06053,train,granite_extended,Are this models usually semi/supervised or unsupervised?,1,3,2,Biochemical Language Processing,factual,
16646ee77975fed372b76ce639e2664ae2105dcf,2002.06053,train,granite_extended,Is there any concrete example in the paper that shows that this approach had huge impact on drug discovery?,1,1,1,Biochemical Language Processing,factual,
4cc5ba404d6a47363f119d9db7266157d3bb246b,2002.09758,train,granite_extended,What off-the-shelf QA model was used to answer sub-questions?,1,1,1,Analysis,factual,
1d72770d075b22411ec86d8bdee532f8c643740b,2002.09758,train,granite_extended,How large is the improvement over the baseline?,1,1,1,Results on Question Answering,factual,
af1439c68b28c27848203f863675946380d28943,2002.09758,train,granite_extended,What is the strong baseline that this work outperforms?,1,3,2,Experimental Setup | Results on Question Answering,factual,
cb384dc5366b693f28680374d31ff45356af0461,2003.03014,validation,granite_extended,Do they model semantics,1,1,1,Operationalizing Dehumanization,factual,
d41e20ec716b5904a272938e5a8f5f3f15a7779e,2003.03014,validation,granite_extended,How do they identify discussions of LGBTQ people in the New York Times?,1,1,1,Data,section_specific,
0682bf049f96fa603d50f0fdad0b79a5c55f6c97,2003.03014,validation,granite_extended,Do they analyze specific derogatory words?,2,2,2,Background | Data,factual,
