query_id,query_type,coding_notes
3611a72f754de1e256fbd25b012197e1c24e8470,factual,
4c07c33dfaf4f3e6db55e377da6fa69825d0ba15,factual,
b1ce129678e37070e69f01332f1a8587e18e06b0,factual,
0d755ff58a7e22eb4d02fca45d4a7a3920f4e725,section_specific,
ff2bcf2d8ffee586751ce91cf15176301267b779,factual,
55588ae77496e7753bff18763a21ca07d9f93240,factual,
d4456e9029fcdcb6e0149dd8f57b77d16ead1bc4,factual,
d0b967bfca2039c7fb05b931c8b9955f99a468dc,factual,
31e6062ba45d8956791e1b86bad7efcb6d1b191a,factual,
38b29b0dcb87868680f9934af71ef245ebb122e4,factual,
6e134d51a795c385d72f38f36bca4259522bcf51,section_specific,
0778cbbd093f8b779f7cf26302b2a8e081ccfb40,factual,
8908d1b865137bc309dde10a93735ec76037e5f9,factual,
d207f78beb6cd754268881bf575c8f98000667ea,factual,
380e71848d4b0d1e983d504b1249119612f00bcb,factual,
21c89ee0281f093b209533453196306b9699b552,factual,
5096aaea2d0f4bea4c12e14f4f7735e1aea1bfa6,factual,
452e2d7d7d9e1bb4914903479cd7caff9f6fae42,factual,
7b4992e2d26577246a16ac0d1efc995ab4695d24,factual,
ab9b0bde6113ffef8eb1c39919d21e5913a05081,multi_hop,
9a9d225f9ac35ed35ea02f554f6056af3b42471d,factual,
ea56148a8356a1918bedcf0a99ae667c27792cfe,factual,
cd32a38e0f33b137ab590e1677e8fb073724df7f,factual,
82b93ecd2397e417e1e80f93b7cf49c7bd9aeec3,factual,
bab4ae97afd598a11d1fc7c05c6fdb98c30cafe0,factual,
f5913e37039b9517a323ec700b712e898316161b,factual,
a064d01d45a33814947161ff208abb88d4353b26,factual,
218bc82796eb8d91611996979a4a42500131a936,factual,
b21bc09193699dc9cfad523f3d5542b0b2ff1b8e,factual,
352bc6de5c5068c6c19062bad1b8f644919b1145,factual,
a7adb63db5066d39fdf2882d8a7ffefbb6b622f0,factual,
980568848cc8e7c43f767da616cf1e176f406b05,factual,
f1b738a7f118438663f9d77b4ccd3a2c4fd97c01,factual,
d6a815d24c46557827d8aca65d3ffd008ac1bc07,factual,
cdf7e60150a166d41baed9dad539e3b93b544624,factual,
c06b5623c35b6fa7938340fa340269dc81d061e1,factual,
d325a3c21660dbc481b4e839ff1a2d37dcc7ca46,factual,
5e29f16d7302f24ab93b7707d115f4265a0d14b0,factual,
26844cec57df6ff0f02245ea862af316b89edffe,factual,
d1d59bca40b8b308c0a35fed1b4b7826c85bc9f8,factual,
a4ff1b91643e0c8a0d4cc1502d25ca85995cf428,factual,
7633be56ae46c163fb21cd1afd018f989eb6b524,factual,
fb56743e942883d7e74a73c70bd11016acddc348,factual,
1adbdb5f08d67d8b05328ccc86d297ac01bf076c,factual,
da82b6dad2edd4911db1dc59e4ccd7f66c5fd79c,factual,
70c2dc170a73185c9d1a16953f85aca834ead6d3,factual,
38854255dbdf2f36eebefc0d9826aa76df9637c6,factual,
1d6c42e3f545d55daa86bea6fabf0b1c52a93bbb,factual,
0871827cfeceed4ee78ce7407aaf6e85dd1f9c25,factual,
e9d9bb87a5c4faa965ceddd98d8b80d4b99e339e,factual,
3554ac92d4f2d00dbf58f7b4ff2b36a852854e95,section_specific,
ab0fd94dfc291cf3e54e9b7a7f78b852ddc1a797,factual,
6ca938324dc7e1742a840d0a54dc13cc207394a1,factual,
4fa6fbb9df1a4c32583d4ef70d2b29ece4b3d802,factual,
4d47bef19afd70c10bbceafd1846516546641a2f,factual,
16fa6896cf4597154363a6c9a98deb49fffef15f,factual,
0f60864503ecfd5b048258e21d548ab5e5e81772,section_specific,
fe578842021ccfc295209a28cf2275ca18f8d155,factual,
00ef9cc1d1d60f875969094bb246be529373cb1d,section_specific,
279b633b90fa2fd69e84726090fadb42ebdf4c02,factual,
4266aacb575b4be7dbcdb8616766324f8790763c,synthesis,Broad conclusion drawn from the paper's detailed analyses.
191107cd112f7ee6d19c1dc43177e6899452a2c7,factual,
b0dca7b74934f51ff3da0c074ad659c25d84174d,factual,
601e58a3d2c03a0b4cd627c81c6228a714e43903,factual,
1a7d2ade16149630c0028339a816fcafa8192408,factual,
61c9f97ee1ac5a4b8654aa152f05f22e153e7e6e,factual,
6236762b5631d9e395f81e1ebccc4bf3ab9b24ac,multi_hop,
31d695ba855d821d3e5cdb7bea638c7dbb7c87c7,factual,
bd6cec2ab620e67b3e0e7946fc045230e6906020,section_specific,
4b0ba460ae3ba7a813f204abd16cf631b871baca,section_specific,
63b0c93f0452d0e1e6355de1d0f3ff0fd67939fb,factual,
5f2bade0881c719ab026bc2e2962e2ada96cdb25,factual,
6b6d498546f856ac20958f666fc3fd55811347e2,factual,
de3b1145cb4111ea2d4e113f816b537d052d9814,factual,
132f752169adf6dc5ade3e4ca773c11044985da4,factual,
1d9aeeaa6efa1367c22be0718f5a5635a73844bd,multi_hop,Requires contrasting information captured by the GRU with traditional models.
ab895ed198374f598e13d6d61df88142019d13b8,factual,
8795bb1f874e5f3337710d8c3d5be49e672ab43a,factual,
15aeda407ae3912419fd89211cdb98989d9cde58,factual,
c24f7c030010ad11e71ef4912fd79093503f3a8d,factual,
d1909ce77d09983aa1b3ab5c56e2458caefbd442,factual,
fc3f0eb297b2308b99eb4661a510c9cdbb6ffba2,factual,
27c1c678d3862c7676320ca493537b03a9f0c77a,factual,
ccb3d21885250bdbfc4c320e99f25923896e70fa,factual,
82a28c1ed7988513d5984f6dcacecb7e90f64792,factual,
d4a6f5034345036dbc2d4e634a8504f79d42ca69,factual,
54fa5196d0e6d5e84955548f4ef51bfd9b707a32,factual,
a997fc1a62442fd80d1873cd29a9092043f025ad,factual,
7de0b2df60d3161dd581ed7915837d460020bc11,factual,
2711ae6dd532d136295c95253dbf202e37ecd3e7,section_specific,
96356c1affc56178b3099ce4b4aece995032e0ff,factual,
92fc94a4999d1b25a0593904025eb7b8953bb28b,factual,
e56c1f0e9eabda41f929d0dfd5cfa50edd69fa89,factual,
5181527e6a61a9a192db5f8064e56ec263c42661,factual,
334aa5540c207768931a0fe78aa4981a895ba37c,factual,
b8bbdc3987bb456739544426c6037c78ede01b77,factual,
186ccc18c6361904bee0d58196e341a719fb31c2,factual,
fd5412e2784acefb50afc3bfae1e087580b90ab9,factual,
c7f087c78768d5c6f3ff26921858186d627fd4fd,section_specific,
82596190560dc2e2ced2131779730f40a3f3eb8c,factual,
345f65eaff1610deecb02ff785198aa531648e75,section_specific,
b72264a73eea36c828e7de778a8b4599a5d02b39,factual,
24cc1586e5411a7f8574796d3c576b7c677d6e21,factual,
db291d734524fa51fb314628b64ebe1bac7f7e1e,section_specific,
85abd60094c92eb16f39f861c6de8c2064807d02,factual,
50f09a044f0c0795cc636c3e25a4f7c3231fb08d,factual,
447eb98e602616c01187960c9c3011c62afd7c27,factual,
012b8a89aea27485797373adbcda32f16f9d7b54,synthesis,
c598028815066089cc1e131b96d6966d2610467a,factual,
ca4daafdc23f4e23d933ebabe682e1fe0d4b95ed,section_specific,
0ab3df10f0b7203e859e9b62ffa7d6d79ffbbe50,factual,
92dfacbbfa732ecea006e251be415a6f89fb4ec6,factual,
c8541ff10c4e0c8e9eb37d9d7ea408d1914019a9,factual,
307e8ab37b67202fe22aedd9a98d9d06aaa169c5,factual,
e5c8e9e54e77960c8c26e8e238168a603fcdfcc6,factual,
50c441a9cc7345a0fa408d1ce2e13f194c1e82a8,factual,
79620a2b4b121b6d3edd0f7b1d4a8cc7ada0b516,factual,
2cc42d14c8c927939a6b8d06f4fdee0913042416,factual,
57388bf2693d71eb966d42fa58ab66d7f595e55f,section_specific,
47796c7f0a7de76ccb97ccbd43dc851bb8a613d5,section_specific,
08b57deb237f15061e4029b6718f1393fa26acce,factual,
9b7655d39c7a19a23eb8944568eb5618042b9026,factual,
cd06d775f491b4a17c9d616a8729fd45aa2e79bf,factual,
1329280df5ee9e902b2742bde4a97bc3e6573ff3,factual,
58c6737070ef559e9220a8d08adc481fdcd53a24,factual,
23e16c1173b7def2c5cb56053b57047c9971e3bb,factual,
d78f7f84a76a07b777d4092cb58161528ca3803c,factual,
9da1e124d28b488b0d94998d32aa2fa8a5ebec51,factual,
5cd5864077e4074bed01e3a611b747a2180088a0,factual,
d664054c8d1f8e84169d4ab790f2754274353685,factual,
f5603271a04452cbdbb07697859bef2a2030d75c,factual,
6575ffec1844e6fde5a668bce2afb16b67b65c1f,factual,
77c3416578b52994227bae7f2529600f02183e12,factual,
2abcff4fdedf9b17f76875cc338ba4ab8d1eccd3,factual,
6df57a21ca875e63fb39adece6a9ace5bb2b2cfa,section_specific,
b39b278aa1cf2f87ad4159725dff77b387f2df84,factual,
814e945668e2b6f31b088918758b120fb00ada7d,factual,
ce6201435cc1196ad72b742db92abd709e0f9e8d,factual,
928828544e38fe26c53d81d1b9c70a9fb1cc3feb,factual,
80bb07e553449bde9ac0ff35fcc718d7c161f2d4,factual,
c8f8ecac23a991bceb8387e68b3b3f2a5d8cf029,factual,
28847b20ca63dc56f2545e6f6ec3082d9dbe1b3f,factual,
2d5d0b0c54105717bf48559b914fefd0c94964a6,factual,
dd81f58c782169886235c48b8f9a08e0954dd3ae,factual,
e51d0c2c336f255e342b5f6c3cf2a13231789fed,factual,
38289bd9592db4d3670b65a0fef1fe8a309fee61,factual,
cb7a00233502c4b7801d34bc95d6d22d79776ae8,factual,
35d2eae3a7c9bed54196334a09344591f9cbb5c8,factual,
a70656fc61bf526dd21db7d2ec697b29a5a9c24e,factual,
f381b0ef693243d67657f6c34bbce015f6b1fd07,factual,
2686e8d51caff9a19684e0c9984bcb5a1937d08d,factual,
df623717255ea2c9e0f846859d8a9ef51dc1102b,factual,
a53683d1a0647c80a4398ff8f4a03e11c0929be2,synthesis,
0fd7d12711dfe0e35467a7ee6525127378a1bacb,factual,
21a96b328b43a568f9ba74cbc6d4689dbc4a3d7b,factual,
30803eefd7cdeb721f47c9ca72a5b1d750b8e03b,factual,
442f8da2c988530e62e4d1d52c6ec913e3ec5bf1,factual,
01e2d10178347d177519f792f86f25575106ddc7,factual,
021bfb7e180d67112b74f05ecb3fa13acc036c86,section_specific,
8c89f1d1b3c2a45c0254c4c8d6e700ab9a4b4ffb,synthesis,Broad account of several less-sensitive data sources across sections.
f5bc07df5c61dcb589a848bd36f4ce9c22abd46a,synthesis,
76c8aac84152fc4bbc0d5faa7b46e40438353e77,factual,
b42323d60827ecf0d9e478c9a31f90940cfae975,factual,
1a69696034f70fb76cd7bb30494b2f5ab97e134d,factual,
9a596bd3a1b504601d49c2bec92d1592d7635042,factual,
1ba28338d3f993674a19d2ee2ec35447e361505b,synthesis,
2d3bf170c1647c5a95abae50ee3ef3b404230ce4,factual,
ab9453fa2b927c97b60b06aeda944ac5c1bfef1e,factual,
f0317e48dafe117829e88e54ed2edab24b86edb1,factual,
f129c97a81d81d32633c94111018880a7ffe16d1,factual,
d9354c0bb32ec037ff2aacfed58d57887a713163,factual,
c035a011b737b0a10deeafc3abe6a282b389d48b,factual,
d3fb0d84d763cb38f400b7de3daaa59ed2a1b0ab,factual,
094ce2f912aa3ced9eb97b171745d38f58f946dd,factual,
95d8368b1055d97250df38d1e8c4a2b283d2b57e,factual,
3aa43a0d543b88d40e4f3500c7471e263515be40,synthesis,
beac555c4aea76c88f19db7cc901fa638765c250,synthesis,Integrated finding drawn from several attention analyses.
91e326fde8b0a538bc34d419541b5990d8aae14b,factual,
044f922604b4b3f42ae381419fd5cd5624fa0637,multi_hop,
dd2046f5481f11b7639a230e8ca92904da75feed,section_specific,
47e6c3e6fcc9be8ca2437f41a4fef58ef4c02579,factual,
569ad21441e99ae782d325d5f5e1ac19e08d5e76,factual,
90741b227b25c42e0b81a08c279b94598a25119d,factual,
1d739bb8e5d887fdfd1f4b6e39c57695c042fa25,factual,
0ba3ea93eef5660a79ea3c26c6a270eac32dfa4c,factual,
5e324846a99a5573cd2e843d1657e87f4eb22fa6,section_specific,
3d39e57e90903b776389f1b01ca238a6feb877f3,factual,
69ef007fc131b04b5b71b0b446db2f77f434f1b3,section_specific,
20df24165b881f97dc1ac32f343939554dd68011,factual,
282aa4e160abfa7569de7d99b8d45cabee486ba4,section_specific,
ecfb2e75eb9a8eba8f640a039484874fa0d2fceb,factual,
a6950c22c7919f86b16384facc97f2cf66e5941d,factual,
54be3541cfff6574dba067f1e581444537a417db,factual,
ac482ab8a5c113db7c1e5f106a5070db66e7ba37,factual,
c2eb743c9d0baf1781c3c0df9533fab588250af3,factual,
c35806cf68220b2b9bb082b62f493393b9bdff86,multi_hop,
f7d0fa52017a642a9f70091a252857fccca31f12,factual,
01209a3bead7c87bcdc628be2a5a26b41abde9d1,factual,
5dfd58f91e7740899c23ebfe04b7176edce9ead2,factual,
c09bceea67273c10a0621da1a83b409f53342fd9,factual,
732bd97ae34541f215c436e2a1b98db1649cba27,factual,
183b385fb59ff1e3f658d4555a08b67c005a8734,factual,
ae2142ee9e093ce485025168f4bcb3da4602739d,factual,
ebe1084a06abdabefffc66f029eeb0b69f114fd9,factual,
cfdd583d01abaca923f5c466bb20e1d4b8c749ff,factual,
554d798e4ce58fd30820200c474d7e796dc8ba89,factual,
3e6b6820e7843209495b4f9a72177573afaa4bc3,synthesis,
3d547a7dda18a2dd5dc89f12d25d7fe782d66450,factual,
4a32adb0d54da90434d5bd1c66cc03a7956d12a0,factual,
c17ece1dad42d92c78fca2e3d8afa9a20ff19598,section_specific,
578add9d3dadf86cd0876d42b03bf0114f83d0e7,section_specific,
4d5b74499804ea5bc5520beb88d0f9816f67205a,factual,
baec99756b80eec7c0234a08bc2855e6770bcaeb,factual,
46d051b8924ad0ef8cfba9c7b5b84707ee72f26a,factual,
53dfcd5d7d2a81855ec1728f0d8e6e24c5638f1e,factual,
869feb7f47606105005efdb6bea1c549824baea0,factual,
c497e8701060583d91bb64b9f9202d40047effc4,section_specific,
0af16b164db20d8569df4ce688d5a62c861ace0b,factual,
78a4ec72d76f0a736a4a01369a42b092922203b6,factual,
81588e0e207303c2867c896f3911a54a1ef7c874,factual,
dd09db5eb321083dba16c2550676e60682f9a0cd,factual,
cfffc94518d64cb3c8789395707e4336676e0345,factual,
f60629c01f99de3f68365833ee115b95a3388699,factual,
a7cb4f8e29fd2f3d1787df64cd981a6318b65896,factual,
5aa12b4063d6182a71870c98e4e1815ff3dc8a72,section_specific,
22815878083ebd2f9e08bc33a5e733063dac7a0f,factual,
220d11a03897d85af91ec88a9b502815c7d2b6f3,factual,
d509081673f5667060400eb325a8050fa5db7cc8,factual,
91e361e85c6d3884694f3c747d61bfcef171bab0,section_specific,
6295951fda0cfa2eb4259d544b00bc7dade7c01e,factual,
3f717e6eceab0a066af65ddf782c1ebc502c28c0,factual,
7c561db6847fb0416bca8a6cb5eebf689a4b1438,factual,
13eb64957478ade79a1e81d32e36ee319209c19a,factual,
3cfe464052f0a248b6e22c9351279403dfe34f3c,factual,
119c404da6e42d4879eee10edeab4b2851162659,factual,
11d2f0d913d6e5f5695f8febe2b03c6c125b667c,section_specific,
1c85a25ec9d0c4f6622539f48346e23ff666cd5f,factual,
37d829cd42db9ae3d56ab30953a7cf9eda050841,factual,
4b41f399b193d259fd6e24f3c6e95dc5cae926dd,factual,
d0b005cb7ed6d4c307745096b2ed8762612480d2,factual,
9d9b11f86a96c6d3dd862453bf240d6e018e75af,section_specific,
415f35adb0ef746883fb9c33aa53b79cc4e723c3,factual,
65e2f97f2fe8eb5c2fa41cb95c02b577e8d6e5ee,section_specific,
f46a907360d75ad566620e7f6bf7746497b6e4a9,factual,
79d999bdf8a343ce5b2739db3833661a1deab742,factual,
71d59c36225b5ee80af11d3568bdad7425f17b0c,factual,
2c88b46c7e3a632cfa10b7574276d84ecec7a0af,factual,
6ff240d985bbe96b9d5042c9b372b4e8f498f264,factual,
515e10a71d78ccd9c7dc93cd942924a4c85d3a30,section_specific,
9a8b9ea3176d30da2453cac6e9347737c729a538,factual,
4477bb513d56e57732fba126944073d414d1f75f,factual,
a4422019d19f9c3d95ce8dc1d529bf3da5edcfb1,factual,
2419b38624201d678c530eba877c0c016cccd49f,factual,
b99d100d17e2a121c3c8ff789971ce66d1d40a4d,factual,
578d0b23cb983b445b1a256a34f969b34d332075,factual,
a56fbe90d5d349336f94ef034ba0d46450525d19,factual,
b1f2db88a6f89d0f048803e38a0a568f5ba38fc5,factual,
df25dd9004a3b367202d7731ee912a8052a35780,factual,
5328cc2588b2bf7b91f4e0f342e8cbfc6dc8ac00,factual,
766e2e35968ef7434b56330aa41957c5d5f8d0ee,factual,
7561bd3b8ba7829b3a01ff07f9f3e93a7b8869cc,factual,
a3ba21341f0cb79d068d24de33b23c36fa646752,factual,
96295e1fe8713417d2b4632438a95d23831fbbdc,factual,
5bfbc9ca7fd41be9627f6ef587bb7e21c7983be0,factual,
8ec94313ea908b6462e1f5ee809a977a7b6bdf01,factual,
f052444f3b3bf61a3f226645278b780ebd7774db,factual,
0bd992a6a218331aa771d922e3c7bb60b653949a,factual,
184382af8f58031c6e357dbee32c90ec95288cb3,multi_hop,
97abc2e7b39869f660986b91fc68be4ba196805c,multi_hop,
9ec0527bda2c302f4e82949cc0ae7f7769b7bfb8,factual,
330fe3815f74037a9be93a4c16610c736a2a27b3,factual,
230f127e83ac62dd65fccf6b1a4960cf0f7316c7,section_specific,
75c221920bee14a6153bd5f4c1179591b2f48d59,multi_hop,
16535db1d73a9373ffe9d6eedaa2369cefd91ac4,factual,
d353a6bbdc66be9298494d0c853e0d8d752dec4b,section_specific,
c359ab8ebef6f60c5a38f5244e8c18d85e92761d,factual,
ad362365656b0b218ba324ae60701eb25fe664c1,factual,
423bb905e404e88a168e7e807950e24ca166306c,factual,
f264612db9096caf938bd8ee4085848143b34f81,factual,
da0a2195bbf6736119ff32493898d2aadffcbcb8,section_specific,
f5513f9314b9d7b41518f98c6bc6d42b8555258d,section_specific,
65c7a2b734dab51c4c81f722527424ff33b023f8,factual,
11ef46187a5bf15e89d63220fdeaecbeb92d818e,factual,
45aab23790161cbc55f78e16fdf5678a3f5b4b92,factual,
bf5e80f1ab4eae2254b4f4d7651969a3cf945fb4,factual,
b49598b05358117ab1471b8ebd0b042d2f04b2a4,factual,
932b39fd6c47c6a880621a62e6a978491d881d60,factual,
b36f867fcda5ad62c46d23513369337352aa01d2,factual,
692c9c5d9ff9cd3e0ce8b5e4fa68dda9bd23dec1,factual,
935d6a6187e6a0c9c0da8e53a42697f853f5c248,factual,
3b77b4defc8a139992bd0b07b5cf718382cb1a5f,factual,
01a41c0a4a7365cd37d28690735114f2ff5229f2,factual,
40f87db3a8d1ac49b888ce3358200f7d52903ce7,factual,
36383971a852d1542e720d3ea1f5adeae0dbff18,factual,
73e715e485942859e1db75bfb5f35f1d5eb79d2e,section_specific,
b78bb6fe817c2d4bc69236df998f546e94c3ee21,factual,
1a419468d255d40ae82ed7777618072a48f0091b,section_specific,
e8f969ffd637b82d04d3be28c51f0f3ca6b3883e,factual,
46227b4265f1d300a5ed71bf40822829de662bc2,factual,
a6a48de63c1928238b37c2a01c924b852fe752f8,factual,
b65a83a24fc66728451bb063cf6ec50134c8bfb0,section_specific,
2555ca85ff6b56bd09c3919aa6b277eb7a4d4631,factual,
52f1a91f546b8a25a5d72325c503ec8f9c72de23,factual,
bb5697cf352dd608edf119ca9b82a6b7e51c8d21,factual,
98785bf06e60fcf0a6fe8921edab6190d0c2cec1,section_specific,
a43c400ae37a8705ff2effb4828f4b0b177a74c4,section_specific,
4056ee2fd7a0a0f444275e627bb881134a1c2a10,factual,
0747cecb3c72594c5d15ba18490566be1ffdbfad,factual,
0e9c08b635c1ebfd36472550d619095541bb5af1,section_specific,
7cd22ca9e107d2b13a7cc94252aaa9007976b338,factual,
adbf33c6144b2f5c40d0c6a328a92687a476f371,factual,
f7a89b9cd2792f23f2cb43d50a01b8218a6fbb24,factual,
a0543b4afda15ea47c1e623c7f00d4aaca045be0,factual,
1591068b747c94f45b948e12edafe74b5e721047,factual,
f17ca24b135f9fe6bb25dc5084b13e1637ec7744,multi_hop,
bd5bd1765362c2d972a762ca12675108754aa437,factual,
cc354c952b5aaed2d4d1e932175e008ff2d801dd,multi_hop,
0f12dc077fe8e5b95ca9163cea1dd17195c96929,factual,
5499440674f0e4a9d6912b9ac29fa1f7b7cd5253,factual,
de313b5061fc22e8ffef1706445728de298eae31,factual,
47b7bc232af7bf93338bd3926345e23e9e80c0c1,factual,
0b5c599195973c563c4b1a0fe5d8fc77204d71a0,factual,
1397b1c51f722a4ee2b6c64dc9fc6afc8bd3e880,factual,
602396d1f5a3c172e60a10c7022bcfa08fa6cbc9,factual,
b984612ceac5b4cf5efd841af2afddd244ee497a,factual,
fa800a21469a70fa6490bfc67cabdcc8bf086fb5,factual,
6883767bbdf14e124c61df4f76335d3e91bfcb03,section_specific,
11679d1feba747c64bbbc62939a20fbb69ada0f3,factual,
ca4b66ffa4581f9491442dcec78ca556253c8146,factual,
3703433d434f1913307ceb6a8cfb9a07842667dd,synthesis,
f7c34b128f8919e658ba4d5f1f3fc604fb7ff793,synthesis,
4146e1d8f79902c0bc034695998b724515b6ac81,factual,
42394c54a950bae8cebecda9de68ee78de69dc0d,factual,
c22394a3fb0dbf2fc7d3a70ad6435803f5a16ebd,factual,
f85f2a532e7e700d9f8f9c09cd08d4e47b87bdd3,synthesis,Study-level motivation rather than a local experimental detail.
a253749e3b4c4f340778235f640ce694642a4555,factual,
1142784dc4e0e4c0b4eca1feaf1c10dc46dd5891,factual,
777bb3dcdbc32e925df0f7ec3adb96f15dd3dc47,factual,
2da4c3679111dd92a1d0869dae353ebe5989dfd2,factual,
89414ef7fcb2709c47827f30a556f543b9a9e6e0,multi_hop,
faffcc6ef27c1441e6528f924e320368430d8da3,multi_hop,
afad388a0141bdda5ca9586803ac53d5f10f41f6,synthesis,
baaa6ad7148b785429a20f38786cd03ab9a2646e,synthesis,
17fd6deb9e10707f9d1b70165dedb045e1889aac,factual,
c4a3f270e942803dab9b40e5e871a2e8886ce444,factual,
1faccdc78bbd99320c160ac386012720a0552119,factual,
804466848f4fa1c552f0d971dce226cd18b9edda,section_specific,
8d683d2e1f46626ceab60ee4ab833b50b346c29e,factual,
63eb31f613a41a3ddd86f599e743ed10e1cd07ba,factual,
d2804ac0f068e9c498e33582af9c66906b26cac3,section_specific,
e24fbcc8be922c43f6b6037cdf2bfd4c0a926c08,factual,
aef607d2ac46024be17b1ddd0ed3f13378c563a6,section_specific,
93beae291b455e5d3ecea6ac73b83632a3ae7ec7,section_specific,
6c91d44d5334a4ac80100eead4e105d34e99a284,factual,
b70e4c49300dc3eab18e907ab903afd2a0c6075a,factual,
088d42ecb1e15515f6a97a0da2fed81b61d61a23,multi_hop,
8599d6d14ac157169920c73b98a79737c7a68cf5,factual,
f1d61b44105e651925d02a51e6d7ea10ea28ebd8,section_specific,
bb169a0624aefe66d3b4b1116bbd152d54f9e31b,factual,
ca8e023d142d89557714d67739e1df54d7e5ce4b,section_specific,
cfb5ab893ed77f9df7eeb4940b6bacdef5acccea,factual,
a5abd4dd91e6f2855e9098bd6ae1481c0fdb0d4a,factual,
b366706e2fff6dd8edc89cc0c6b9d5b0790f43aa,factual,
c165ea43256d7ee1b1fb6f5c0c8af5f7b585e60d,factual,
e72a672f8008bbc52b93d8037a5fedf8956136af,factual,
57586358dd01633aa2ebeef892e96a549b1d1930,factual,
191d4fe8a37611b2485e715bb55ff1a30038ad6a,multi_hop,
6e76f114209f59b027ec3b3c8c9cdfc3e682589f,factual,
6583e8bfa7bcc3a792a90b30abb316e6d423f49b,factual,
53d6cbee3606dd106494e2e98aa93fdd95920375,factual,
9dc844f82f520daf986e83466de0c84d93953754,factual,
36d892460eb863220cd0881d5823d73bbfda172c,factual,
bd3ccb63fd8ce5575338d7332e96def7a3fabad6,factual,
7c794fa0b2818d354ca666969107818a2ffdda0c,factual,
81669c550d32d756f516dab5d2b76ff5f21c0f36,factual,
803babb71e1bdaf507847d6c712585f4128e9f47,factual,
5fd112980d0dd7f7ce30e6273fe6e7b230b13225,factual,
eaae11ffd4ff955de2cd6389b888f5fd2c660a32,factual,
290ebf0d1c49b67a6d1858366be751d89086a78b,factual,
806fefe0e331ddb3c17245d6a9fa7433798e367f,factual,
3c3807f226ba72fc41f59f0338f12a49a0c35605,factual,
c70bafc35e27be9d1efae60596bc0dd390c124c0,factual,
81d607fc206198162faa54a796717c2805282d9b,factual,
51fe4d44887c5cc5fc98b65ca4cb5876f0a56dad,factual,
f0848e7a339da0828278f6803ed7990366c975f0,factual,
6d17dc00f7e5331128b6b585e78cac0b9082e13d,factual,
de0154affd86c608c457bf83d888bbd1f879df93,synthesis,Asks for an overall account of the experimental results.
9887ca3d25e2109f41d1da80eeea05c465053fbc,factual,
87b65b538d79e1218fa19aaac71e32e9b49208df,factual,
99e78c390932594bd833be0f5c890af5c605d808,factual,
861187338c5ad445b9acddba8f2c7688785667b1,factual,
f161e6d5aecf8fae3a26374dcb3e4e1b40530c95,factual,
8de64483ae96c0a03a8e527950582f127b43dceb,factual,
4d062673b714998800e61f66b6ccbf7eef5be2ac,factual,
f4238f558d6ddf3849497a130b3a6ad866ff38b3,section_specific,
96dcabaa8b6bd89b032da609e709900a1569a0f9,factual,
45e6532ac06a59cb6a90624513242b06d7391501,factual,
a98ae529b47362f917a398015c8525af3646abf0,factual,
5845d1db7f819dbadb72e7df69d49c3f424b5730,factual,
e829f008d62312357e0354a9ed3b0827c91c9401,factual,
54fe8f05595f2d1d4a4fd77f4562eac519711fa6,multi_hop,
fbe5e513745d723aad711ceb91ce0c3c2ceb669e,factual,
fc65f19a30150a0e981fb69c1f5720f0136325b0,factual,
c180f44667505ec03214d44f4970c0db487a8bae,synthesis,Asks for overall system performance across multiple result passages.
76d62e414a345fe955dc2d99562ef5772130bc7e,section_specific,
4cbc56d0d53c4c03e459ac43e3c374b75fd48efe,factual,
e5a965e7a109ae17a42dd22eddbf167be47fca75,section_specific,
5d85d7d4d013293b4405beb4b53fa79ac7c03401,section_specific,
6dc9960f046ec6bd280a721724458f66d5a9a585,synthesis,Broad account of prior automated evaluation approaches.
75b69eef4a38ec16df63d60be9708a3c44a79c56,factual,
d576af4321fe71ced9e521df1f3fe1eb90d2df2d,factual,
fd651d19046966ca65d4bcf6f6ae9c66cdf13777,factual,
08b77c52676167af72581079adf1ca2b994ce251,factual,
89fa14a04008c93907fa13375f9e70b655d96209,factual,
20eb673b01d202b731e7ba4f84efc10a18616dd3,factual,
c69f4df4943a2ca4c10933683a02b179a5e76f64,factual,
6aed1122050b2d508dc1790c13cdbe38ff126089,factual,
8740c3000e740ac5c0bc8f329d908309f7ffeff6,factual,
818c89b11471a6ca4f13c838713864fdf282c2ca,factual,
7994b4001925798dfb381f9aa5c0545cdbd77220,section_specific,
f33236ebd6f5a9ccb9b9dbf05ac17c3724f93f91,factual,
66bf0d61ffc321f15e7347aaed191223f4ce4b4a,factual,
5dfa59c116e0ceb428efd99bab19731aa3df4bbd,factual,
0c557b408183630d1c6c325b5fb9ff1573661290,factual,
a08b5018943d4428f067c08077bfff1af3de9703,factual,
67a28fe78f07c1383176b89e78630ee191cf15db,factual,
9cba2ee1f8e1560e48b3099d0d8cf6c854ddea2e,multi_hop,
7975c3e1f61344e3da3b38bb12e1ac6dcb153a18,factual,
eddb18109495976123e10f9c6946a256a55074bd,factual,
0ee73909ac638903da4a0e5565c8571fc794ab96,section_specific,
4c7b29f6e3cc1e902959a1985146ccc0b15fe521,section_specific,
003f884d3893532f8c302431c9f70be6f64d9be8,factual,
bb97537a0a7c8f12a3f65eba73cefa6abcd2f2b2,synthesis,Integrates several social phenomena across community types.
eea089baedc0ce80731c8fdcb064b82f584f483a,synthesis,Integrates engagement patterns with multiple community characteristics.
edb2d24d6d10af13931b3a47a6543bd469752f0c,section_specific,
938cf30c4f1d14fa182e82919e16072fdbcf2a82,section_specific,
93f4ad6568207c9bd10d712a52f8de25b3ebadd4,section_specific,
b57ad10468e1ba2a7a34396688dbb10a575d89f5,factual,
9d6d17120c42a834b2b5d96f2120d646218ed4bb,factual,
965e0ce975a0b8612a30cfc31bbfd4b8a57aa138,factual,
8dfdd1ed805bb23c774fbb032ef1d97c6802e07c,factual,
c348a8c06e20d5dee07443e962b763073f490079,factual,
0300cf768996849cab7463d929afcb0b09c9cf2a,factual,
dd8f72cb3c0961b5ca1413697a00529ba60571fe,factual,
a81941f933907e4eb848f8aa896c78c1157bff20,factual,
2b78052314cb730824836ea69bc968df7964b4e4,factual,
c4a6b727769328333bb48d59d3fc4036a084875d,factual,
93e8ce62361b9f687d5200d2e26015723721a90f,factual,
d05d667822cb49cefd03c24a97721f1fe9dc0f4c,section_specific,
2a1e6a69e06da2328fc73016ee057378821e0754,section_specific,
cf15c4652e23829d8fb4cf2a25e64408c18734c1,factual,
9f6e877e3bde771595e8aee10c2656a0e7b9aeb2,factual,
a3783e42c2bf616c8a07bd3b3d503886660e4344,factual,
0d0959dba3f7c15ee4f5cdee51682656c4abbd8f,factual,
2cfcc5864a30259fd35f1cc035fab956802c1c5b,factual,
5a22293b055f5775081d6acdc0450f7bd5f5de04,factual,
03c967763e51ef2537793db7902e2c9c17e43e95,factual,
a786cceba4372f6041187c426432853eda03dca6,factual,
a837dcbd339e27a974e28944178c790a5b0b37c0,factual,
c135e1f8ecaf7965f6a6d3e30b537eb37ad74230,section_specific,
16a10c1681dc5a399b6d34b4eed7bb1fef816dd0,factual,
8e113fd9661bc8af97e30c75a20712f01fc4520a,factual,
35e0e6f89b010f34cfb69309b85db524a419c862,factual,
992e67f706c728bc0e534f974c1656da10e7a724,factual,
61e96abdc924c34c6b82a587168ea3d14fe792d1,factual,
ee8a77cddbe492c686f5af3923ad09d401a741b5,factual,
397a1e851aab41c455c2b284f5e4947500d797f0,factual,
cc8b4ed3985f9bfbe1b5d7761b31d9bd6a965444,section_specific,
f7662b11e87c1e051e13799413f3db459ac3e19c,factual,
b584739622d0c53830e60430b13fd3ae6ff43669,factual,
c0120d339fcdb3833884622e532e7513d1b2c7dd,factual,
f52c9744a371104eb2677c181a7004f7a77d9dd3,synthesis,
867b1bb1e6a38de525be7757d49928a132d0dbd8,section_specific,
b686e10a725254695821e330a277c900792db69f,factual,
22375aac4cbafd252436b756bdf492a05f97eed8,factual,
d2f91303cec132750a416192f67c8ac1d3cf6fc0,section_specific,
9f065e787a0d40bb4550be1e0d64796925459005,factual,
e6f5444b7c08d79d4349e35d5298a63bb30e7004,synthesis,
8d3f79620592d040f9f055b4fce0f73cc45aab63,factual,
f92c344e9b1a986754277fd0f08a47dc3e5f9feb,synthesis,Broad synthesis of limitations across several quantitative metrics.
b10388e343868ca8e5c7c601ebb903f52e756e61,factual,
e8cdeb3a081d51cc143c7090a54c82d393f1a2ca,factual,
833d3ae7613500f2867ed8b33d233d71781014e7,synthesis,
a1a0365bf6968cbdfd1072cf3923c26250bc955c,synthesis,
64f7337970e8d1989b2e1f7106d86f73c4a3d0af,synthesis,
8fdb4f521d3ba4179f8ccc4c28ba399aab6c3550,synthesis,
a0d45b71feb74774cfdc0d5c6e23cd41bc6bc1f2,factual,
440faf8d0af8291d324977ad0f68c8d661fe365e,factual,
0ec56e15005a627d0b478a67fd627a9d85c3920e,factual,
0ad4359e3e7e5e5f261c2668fe84c12bc762b3b8,factual,
6c4d121d40ce6318ecdc141395cdd2982ba46cff,factual,
71fca845edd33f6e227eccde10db73b99a7e157b,factual,
93b299acfb6fad104b9ebf4d0585d42de4047051,factual,
e755fb599690d0d0c12ddb851ac731a0a7965797,factual,
7e51490a362135267e75b2817de3c38dfe846e21,factual,
bc9c31b3ce8126d1d148b1025c66f270581fde10,factual,
185841e979373808d99dccdade5272af02b98774,section_specific,
d427e3d41c4c9391192e249493be23926fc5d2e9,factual,
b6ffa18d49e188c454188669987b0a4807ca3018,factual,
2b61893b22ac190c94c2cb129e86086888347079,factual,
344238de7208902f7b3a46819cc6d83cc37448a0,synthesis,
56bbca3fe24c2e9384cc57f55f35f7f5ad5c5716,factual,
71b29ab3ddcdd11dcc63b0bb55e75914c07a2217,factual,
f9c5799091e7e35a8133eee4d95004e1b35aea00,multi_hop,
04012650a45d56c0013cf45fd9792f43916eaf83,factual,
7889ec45b996be0b8bf7360d08f84daf3644f115,factual,
8f6b11413a19fe4639b3fba88fc6b3678286fa0c,factual,
141f23e87c10c2d54d559881e641c983e3ec8ef3,factual,
347e86893e8002024c2d10f618ca98e14689675f,factual,
cbf1137912a47262314c94d36ced3232d5fa1926,factual,
10ddac87daf153cf674589cc1c64a795907d5d9a,factual,
6cd874c4ae8e70f3c98c7176191c13a7decfbc45,factual,
b807dd3d42251615b881632caa5e331e2203d269,factual,
d39c911bf2479fdb7af339b59acb32073242fab3,factual,
5be62428f973a08c303c66018b081ad140c559c8,factual,
64b65687b82ddb17c3d068381aaee56eb7fc02cd,factual,
f42e61f9ad06fb782d1574eb973c880add4f76d2,factual,
eac042734f76e787cb98ba3d0c13a916a49bdfb3,factual,
94e0cf44345800ef46a8c7d52902f074a1139e1a,factual,
7b89515d731d04dd5cbfe9c2ace2eb905c119cbc,factual,
79a28839fee776d2fed01e4ac39f6fedd6c6a143,synthesis,
ba05a53f5563b9dd51cc2db241c6e9418bc00031,multi_hop,
7bf3a7d19f17cf01f2c9fa16401ef04a3bef65d8,section_specific,
7426a6e800d6c11795941616fc4a243e75716a10,synthesis,Asks for an integrated account of multiple contributing factors.
da4535b75e360604e3ce4bb3631b0ba96f4dadd3,factual,
4b624064332072102ea674254d7098038edad572,multi_hop,
65ba7304838eb960e3b3de7c8a367d2c2cd64c54,factual,
3588988f2230f3329d7523fbb881b20bf177280d,factual,
3699927c6c1146f5057576034d226a99946d52cb,factual,
6606160e210d05b94f7cbd9c5ff91947339f9d02,factual,
0dc9050c832a6091bc9db3f7fa7be72139f51177,factual,
6e3e9818551fc2f8450bbf09b0fe82ac2506bc7a,multi_hop,
d6ea7a30b0b61ae126b00b59d2a14fff2ef887bf,synthesis,
b970f48d30775d3468952795bc72976baab3438e,synthesis,
e96adf8466e67bd19f345578d5a6dc68fd0279a1,factual,
c1477a6c86bd1670dd17407590948000c9a6b7c6,synthesis,
e020677261d739c35c6f075cde6937d0098ace7f,synthesis,Asks for the overall conclusion of a comparison.
6389d5a152151fb05aae00b53b521c117d7b5e54,factual,
c95fd189985d996322193be71cf5be8858ac72b5,factual,
7955dbd79ded8ef4ae9fc28b2edf516320c1cb55,factual,
205163715f345af1b5523da6f808e6dbf5f5dd47,factual,
53807f435d33fe5ce65f5e7bda7f77712194f6ab,synthesis,Broad synthesis of reliability issues in gold-standard annotation.
2ec9c1590c96f17a66c7d4eb95dc5d3a447cb973,section_specific,
208e667982160cfbce49ef49ad96f6ab094292ac,synthesis,Broad account of the core practices of structured content analysis.
35eb8464e934a2769debe14148667c61bf1da243,multi_hop,
a45edc04277a458911086752af4f17405501230f,factual,
8c8a32592184c88f61fac1eef12c7d233dbec9dc,factual,
16646ee77975fed372b76ce639e2664ae2105dcf,factual,
4cc5ba404d6a47363f119d9db7266157d3bb246b,factual,
1d72770d075b22411ec86d8bdee532f8c643740b,factual,
af1439c68b28c27848203f863675946380d28943,factual,
cb384dc5366b693f28680374d31ff45356af0461,factual,
d41e20ec716b5904a272938e5a8f5f3f15a7779e,section_specific,
0682bf049f96fa603d50f0fdad0b79a5c55f6c97,factual,
